"HITId","HITTypeId","Title","Description","Keywords","Reward","CreationTime","MaxAssignments","RequesterAnnotation","AssignmentDurationInSeconds","AutoApprovalDelayInSeconds","Expiration","NumberOfSimilarHITs","LifetimeInSeconds","AssignmentId","WorkerId","AssignmentStatus","AcceptTime","SubmitTime","AutoApprovalTime","ApprovalTime","RejectionTime","RequesterFeedback","WorkTimeInSeconds","LifetimeApprovalRate","Last30DaysApprovalRate","Last7DaysApprovalRate","Input.article","Input.section_index","Input.chunk_index","Input.sentences","Answer.sentences","Answer.soviet_bias","Answer.us_bias","Approve","Reject"
"33J5JKFMK6RD3BPMVV7UMISY67RQ3S","3UWUAQCPMHIWDGAQYOZ92QURUGBC5W","Anotar texto para parcialidad en español","Una encuesta que busca detectar y comprender la tendencia de sesgo en una oración o frase en español dentro de los medios de comunicación que se refieren a la Guerra Fría","bias parcialidad tag espanol spanish","$0.35","Sun Jan 22 11:05:01 PST 2017","5","BatchId:2661458;OriginalHitTemplateId:920937336;","3600","259200","Sun Feb 19 11:05:01 PST 2017","","","30H4UDGLT3BVC5TAR22M7W6CS1ZPML","A3O43L1ZB2PRQ2","Approved","Tue Jan 24 01:33:44 PST 2017","Tue Jan 24 01:34:42 PST 2017","Fri Jan 27 01:34:42 PST 2017","Tue Jan 24 06:57:43 PST 2017","","","58","100% (6/6)","100% (6/6)","100% (6/6)","Refusenik","1","3","<p><span class=""sentence"">Un destacado defensor y portavoz del movimiento &#x27;&#x27;refúsenik&#x27;&#x27; durante la década de 1970 fue Natán Sharanski.</span> <span class=""sentence"">Éste, con la participación del la agrupación &#x27;&#x27;Helsinki-Moscow Watch Group&#x27;&#x27;, ayudó a incorporar la lucha por los derechos de emigración dentro del contexto mayor del movimiento de derechos humanos en la URSS.</span> <span class=""sentence"">Su posterior detención y juicio (bajo &#x27;&#x27;supuestos&#x27;&#x27; -y fabricados- cargos de espionaje y traición) terminó afectando al propio régimen soviético en el exterior, al favorecer el apoyo internacional a la causa &#x27;&#x27;refúsenik&#x27;&#x27;.</span> </p><p><span class=""sentence"">Los &#x27;&#x27;refúseniks&#x27;&#x27; judíos incluían a aquellos que deseaban emigrar debido a motivos religiosos, a los que deseaban hacerlo debido a sus aspiraciones nacionalistas o sionistas y a los relativamente seculares, los cuales, no obstante, deseaban escapar de una corriente de antisemitismo patrocinada por el propio Estado soviético, a veces de manera sutil, y otras, de forma más visible.</span> </p>","0444","-2","0"
"33J5JKFMK6RD3BPMVV7UMISY67RQ3S","3UWUAQCPMHIWDGAQYOZ92QURUGBC5W","Anotar texto para parcialidad en español","Una encuesta que busca detectar y comprender la tendencia de sesgo en una oración o frase en español dentro de los medios de comunicación que se refieren a la Guerra Fría","bias parcialidad tag espanol spanish","$0.35","Sun Jan 22 11:05:01 PST 2017","5","BatchId:2661458;OriginalHitTemplateId:920937336;","3600","259200","Sun Feb 19 11:05:01 PST 2017","","","34HJIJKLP6PSDZ107ABPRUEUSVZ4V4","A7U1E6I5W4H8S","Approved","Mon Jan 23 08:39:17 PST 2017","Mon Jan 23 08:42:29 PST 2017","Thu Jan 26 08:42:29 PST 2017","Mon Jan 23 18:58:29 PST 2017","","","192","100% (9/9)","100% (9/9)","100% (9/9)","Refusenik","1","3","<p><span class=""sentence"">Un destacado defensor y portavoz del movimiento &#x27;&#x27;refúsenik&#x27;&#x27; durante la década de 1970 fue Natán Sharanski.</span> <span class=""sentence"">Éste, con la participación del la agrupación &#x27;&#x27;Helsinki-Moscow Watch Group&#x27;&#x27;, ayudó a incorporar la lucha por los derechos de emigración dentro del contexto mayor del movimiento de derechos humanos en la URSS.</span> <span class=""sentence"">Su posterior detención y juicio (bajo &#x27;&#x27;supuestos&#x27;&#x27; -y fabricados- cargos de espionaje y traición) terminó afectando al propio régimen soviético en el exterior, al favorecer el apoyo internacional a la causa &#x27;&#x27;refúsenik&#x27;&#x27;.</span> </p><p><span class=""sentence"">Los &#x27;&#x27;refúseniks&#x27;&#x27; judíos incluían a aquellos que deseaban emigrar debido a motivos religiosos, a los que deseaban hacerlo debido a sus aspiraciones nacionalistas o sionistas y a los relativamente seculares, los cuales, no obstante, deseaban escapar de una corriente de antisemitismo patrocinada por el propio Estado soviético, a veces de manera sutil, y otras, de forma más visible.</span> </p>","0044","-3","0"
"33J5JKFMK6RD3BPMVV7UMISY67RQ3S","3UWUAQCPMHIWDGAQYOZ92QURUGBC5W","Anotar texto para parcialidad en español","Una encuesta que busca detectar y comprender la tendencia de sesgo en una oración o frase en español dentro de los medios de comunicación que se refieren a la Guerra Fría","bias parcialidad tag espanol spanish","$0.35","Sun Jan 22 11:05:01 PST 2017","5","BatchId:2661458;OriginalHitTemplateId:920937336;","3600","259200","Sun Feb 19 11:05:01 PST 2017","","","3NJM2BJS4XZI3JHJED884010YK7CPW","A11XQ4EVIPZF0F","Approved","Mon Jan 23 12:02:28 PST 2017","Mon Jan 23 12:03:10 PST 2017","Thu Jan 26 12:03:10 PST 2017","Mon Jan 23 18:58:29 PST 2017","","","42","100% (9/9)","100% (9/9)","100% (9/9)","Refusenik","1","3","<p><span class=""sentence"">Un destacado defensor y portavoz del movimiento &#x27;&#x27;refúsenik&#x27;&#x27; durante la década de 1970 fue Natán Sharanski.</span> <span class=""sentence"">Éste, con la participación del la agrupación &#x27;&#x27;Helsinki-Moscow Watch Group&#x27;&#x27;, ayudó a incorporar la lucha por los derechos de emigración dentro del contexto mayor del movimiento de derechos humanos en la URSS.</span> <span class=""sentence"">Su posterior detención y juicio (bajo &#x27;&#x27;supuestos&#x27;&#x27; -y fabricados- cargos de espionaje y traición) terminó afectando al propio régimen soviético en el exterior, al favorecer el apoyo internacional a la causa &#x27;&#x27;refúsenik&#x27;&#x27;.</span> </p><p><span class=""sentence"">Los &#x27;&#x27;refúseniks&#x27;&#x27; judíos incluían a aquellos que deseaban emigrar debido a motivos religiosos, a los que deseaban hacerlo debido a sus aspiraciones nacionalistas o sionistas y a los relativamente seculares, los cuales, no obstante, deseaban escapar de una corriente de antisemitismo patrocinada por el propio Estado soviético, a veces de manera sutil, y otras, de forma más visible.</span> </p>","0000","0","0"
"33J5JKFMK6RD3BPMVV7UMISY67RQ3S","3UWUAQCPMHIWDGAQYOZ92QURUGBC5W","Anotar texto para parcialidad en español","Una encuesta que busca detectar y comprender la tendencia de sesgo en una oración o frase en español dentro de los medios de comunicación que se refieren a la Guerra Fría","bias parcialidad tag espanol spanish","$0.35","Sun Jan 22 11:05:01 PST 2017","5","BatchId:2661458;OriginalHitTemplateId:920937336;","3600","259200","Sun Feb 19 11:05:01 PST 2017","","","3R3YRB5GRGW729SHBLBB8BYB62SAUA","A28HCCZ4I9R8LL","Submitted","Tue Jan 24 07:08:31 PST 2017","Tue Jan 24 07:10:29 PST 2017","Fri Jan 27 07:10:29 PST 2017","","","","118","100% (1/1)","100% (1/1)","100% (1/1)","Refusenik","1","3","<p><span class=""sentence"">Un destacado defensor y portavoz del movimiento &#x27;&#x27;refúsenik&#x27;&#x27; durante la década de 1970 fue Natán Sharanski.</span> <span class=""sentence"">Éste, con la participación del la agrupación &#x27;&#x27;Helsinki-Moscow Watch Group&#x27;&#x27;, ayudó a incorporar la lucha por los derechos de emigración dentro del contexto mayor del movimiento de derechos humanos en la URSS.</span> <span class=""sentence"">Su posterior detención y juicio (bajo &#x27;&#x27;supuestos&#x27;&#x27; -y fabricados- cargos de espionaje y traición) terminó afectando al propio régimen soviético en el exterior, al favorecer el apoyo internacional a la causa &#x27;&#x27;refúsenik&#x27;&#x27;.</span> </p><p><span class=""sentence"">Los &#x27;&#x27;refúseniks&#x27;&#x27; judíos incluían a aquellos que deseaban emigrar debido a motivos religiosos, a los que deseaban hacerlo debido a sus aspiraciones nacionalistas o sionistas y a los relativamente seculares, los cuales, no obstante, deseaban escapar de una corriente de antisemitismo patrocinada por el propio Estado soviético, a veces de manera sutil, y otras, de forma más visible.</span> </p>","0040","-1","0"
"33J5JKFMK6RD3BPMVV7UMISY67RQ3S","3UWUAQCPMHIWDGAQYOZ92QURUGBC5W","Anotar texto para parcialidad en español","Una encuesta que busca detectar y comprender la tendencia de sesgo en una oración o frase en español dentro de los medios de comunicación que se refieren a la Guerra Fría","bias parcialidad tag espanol spanish","$0.35","Sun Jan 22 11:05:01 PST 2017","5","BatchId:2661458;OriginalHitTemplateId:920937336;","3600","259200","Sun Feb 19 11:05:01 PST 2017","","","3TMSXRD2X7TO0P4MA2XJFYQ5NLE1WN","AEN7H01OU26XL","Approved","Mon Jan 23 14:24:17 PST 2017","Mon Jan 23 14:29:34 PST 2017","Thu Jan 26 14:29:34 PST 2017","Mon Jan 23 18:58:29 PST 2017","","","317","100% (9/9)","100% (9/9)","100% (9/9)","Refusenik","1","3","<p><span class=""sentence"">Un destacado defensor y portavoz del movimiento &#x27;&#x27;refúsenik&#x27;&#x27; durante la década de 1970 fue Natán Sharanski.</span> <span class=""sentence"">Éste, con la participación del la agrupación &#x27;&#x27;Helsinki-Moscow Watch Group&#x27;&#x27;, ayudó a incorporar la lucha por los derechos de emigración dentro del contexto mayor del movimiento de derechos humanos en la URSS.</span> <span class=""sentence"">Su posterior detención y juicio (bajo &#x27;&#x27;supuestos&#x27;&#x27; -y fabricados- cargos de espionaje y traición) terminó afectando al propio régimen soviético en el exterior, al favorecer el apoyo internacional a la causa &#x27;&#x27;refúsenik&#x27;&#x27;.</span> </p><p><span class=""sentence"">Los &#x27;&#x27;refúseniks&#x27;&#x27; judíos incluían a aquellos que deseaban emigrar debido a motivos religiosos, a los que deseaban hacerlo debido a sus aspiraciones nacionalistas o sionistas y a los relativamente seculares, los cuales, no obstante, deseaban escapar de una corriente de antisemitismo patrocinada por el propio Estado soviético, a veces de manera sutil, y otras, de forma más visible.</span> </p>","4444","3","0"
"3SBX2M1TKDGYL78QV9CDWNK4K7O4QS","3UWUAQCPMHIWDGAQYOZ92QURUGBC5W","Anotar texto para parcialidad en español","Una encuesta que busca detectar y comprender la tendencia de sesgo en una oración o frase en español dentro de los medios de comunicación que se refieren a la Guerra Fría","bias parcialidad tag espanol spanish","$0.35","Sun Jan 22 11:05:01 PST 2017","5","BatchId:2661458;OriginalHitTemplateId:920937336;","3600","259200","Sun Feb 19 11:05:01 PST 2017","","","382M9COHEI8ASM9TRQDX4UO2REAEUN","AEN7H01OU26XL","Approved","Mon Jan 23 14:48:32 PST 2017","Mon Jan 23 14:49:38 PST 2017","Thu Jan 26 14:49:38 PST 2017","Mon Jan 23 18:58:31 PST 2017","","","66","100% (9/9)","100% (9/9)","100% (9/9)","Refusenik","1","1","<p><span class=""sentence"">Para solicitar un visado de salida, los candidatos (a veces toda su familia) a menudo debían abandonar sus (obviamente estatales) puestos de trabajo, lo que a su vez los hacía vulnerables a recibir acusaciones de &#x27;&#x27;parasitismo social&#x27;&#x27;, tipificado como delito en el duro código penal soviético.</span> </p><p><span class=""sentence"">Muchos judíos soviéticos encontraron que el (no brutal pero sí evidente) antisemitismo &#x27;&#x27;institucionalizado&#x27;&#x27; de la URSS bloqueaba las posibilidades de promoción o avance de sus peticiones.</span> <span class=""sentence"">De hecho, algunas áreas del gobierno soviético estaban virtualmente restringidas a los judíosBenjamin Pinkus &#x27;&#x27;Jews in the Soviet Union: history of a national minority&#x27;&#x27; (&quot;Los judíos de la Unión Soviética: la historia de una minoría nacional&quot;), Cambridge University Press, enero de 1990, páginas 229-230, ISBN 9780521389266, a pesar de tener éstos una representación &#x27;&#x27;superproporcional&#x27;&#x27; en el PCUS, mucho más alta que la de cualquier otro grupo nacional.Schmidt-Häuer, Christian &quot;Los rusos de hoy.</span> <span class=""sentence"">Cómo son y cómo viven&quot; (&#x27;&#x27;Das sind die Russen.</span> <span class=""sentence"">Wie sie wurden, wie sie leben&#x27;&#x27;), Albrecht Knaus Verlag, Hamburgo, ex Alemania Occidental, 1980 (Traducción al castellano, Planeta, Barcelona, España, 1981)</span> </p>","44400","3","0"
"3SBX2M1TKDGYL78QV9CDWNK4K7O4QS","3UWUAQCPMHIWDGAQYOZ92QURUGBC5W","Anotar texto para parcialidad en español","Una encuesta que busca detectar y comprender la tendencia de sesgo en una oración o frase en español dentro de los medios de comunicación que se refieren a la Guerra Fría","bias parcialidad tag espanol spanish","$0.35","Sun Jan 22 11:05:01 PST 2017","5","BatchId:2661458;OriginalHitTemplateId:920937336;","3600","259200","Sun Feb 19 11:05:01 PST 2017","","","386CSBG1O0FENE9X4ZAUI5Z07TPQ6E","A7U1E6I5W4H8S","Approved","Mon Jan 23 08:39:20 PST 2017","Mon Jan 23 08:43:22 PST 2017","Thu Jan 26 08:43:22 PST 2017","Mon Jan 23 18:58:31 PST 2017","","","242","100% (9/9)","100% (9/9)","100% (9/9)","Refusenik","1","1","<p><span class=""sentence"">Para solicitar un visado de salida, los candidatos (a veces toda su familia) a menudo debían abandonar sus (obviamente estatales) puestos de trabajo, lo que a su vez los hacía vulnerables a recibir acusaciones de &#x27;&#x27;parasitismo social&#x27;&#x27;, tipificado como delito en el duro código penal soviético.</span> </p><p><span class=""sentence"">Muchos judíos soviéticos encontraron que el (no brutal pero sí evidente) antisemitismo &#x27;&#x27;institucionalizado&#x27;&#x27; de la URSS bloqueaba las posibilidades de promoción o avance de sus peticiones.</span> <span class=""sentence"">De hecho, algunas áreas del gobierno soviético estaban virtualmente restringidas a los judíosBenjamin Pinkus &#x27;&#x27;Jews in the Soviet Union: history of a national minority&#x27;&#x27; (&quot;Los judíos de la Unión Soviética: la historia de una minoría nacional&quot;), Cambridge University Press, enero de 1990, páginas 229-230, ISBN 9780521389266, a pesar de tener éstos una representación &#x27;&#x27;superproporcional&#x27;&#x27; en el PCUS, mucho más alta que la de cualquier otro grupo nacional.Schmidt-Häuer, Christian &quot;Los rusos de hoy.</span> <span class=""sentence"">Cómo son y cómo viven&quot; (&#x27;&#x27;Das sind die Russen.</span> <span class=""sentence"">Wie sie wurden, wie sie leben&#x27;&#x27;), Albrecht Knaus Verlag, Hamburgo, ex Alemania Occidental, 1980 (Traducción al castellano, Planeta, Barcelona, España, 1981)</span> </p>","44400","-3","0"
"3SBX2M1TKDGYL78QV9CDWNK4K7O4QS","3UWUAQCPMHIWDGAQYOZ92QURUGBC5W","Anotar texto para parcialidad en español","Una encuesta que busca detectar y comprender la tendencia de sesgo en una oración o frase en español dentro de los medios de comunicación que se refieren a la Guerra Fría","bias parcialidad tag espanol spanish","$0.35","Sun Jan 22 11:05:01 PST 2017","5","BatchId:2661458;OriginalHitTemplateId:920937336;","3600","259200","Sun Feb 19 11:05:01 PST 2017","","","3DY46V3X3QBTBOQLFOCMSOQ9E1N55T","A3O43L1ZB2PRQ2","Approved","Mon Jan 23 03:08:03 PST 2017","Mon Jan 23 03:15:28 PST 2017","Thu Jan 26 03:15:28 PST 2017","Mon Jan 23 18:58:31 PST 2017","","","445","100% (6/6)","100% (6/6)","100% (6/6)","Refusenik","1","1","<p><span class=""sentence"">Para solicitar un visado de salida, los candidatos (a veces toda su familia) a menudo debían abandonar sus (obviamente estatales) puestos de trabajo, lo que a su vez los hacía vulnerables a recibir acusaciones de &#x27;&#x27;parasitismo social&#x27;&#x27;, tipificado como delito en el duro código penal soviético.</span> </p><p><span class=""sentence"">Muchos judíos soviéticos encontraron que el (no brutal pero sí evidente) antisemitismo &#x27;&#x27;institucionalizado&#x27;&#x27; de la URSS bloqueaba las posibilidades de promoción o avance de sus peticiones.</span> <span class=""sentence"">De hecho, algunas áreas del gobierno soviético estaban virtualmente restringidas a los judíosBenjamin Pinkus &#x27;&#x27;Jews in the Soviet Union: history of a national minority&#x27;&#x27; (&quot;Los judíos de la Unión Soviética: la historia de una minoría nacional&quot;), Cambridge University Press, enero de 1990, páginas 229-230, ISBN 9780521389266, a pesar de tener éstos una representación &#x27;&#x27;superproporcional&#x27;&#x27; en el PCUS, mucho más alta que la de cualquier otro grupo nacional.Schmidt-Häuer, Christian &quot;Los rusos de hoy.</span> <span class=""sentence"">Cómo son y cómo viven&quot; (&#x27;&#x27;Das sind die Russen.</span> <span class=""sentence"">Wie sie wurden, wie sie leben&#x27;&#x27;), Albrecht Knaus Verlag, Hamburgo, ex Alemania Occidental, 1980 (Traducción al castellano, Planeta, Barcelona, España, 1981)</span> </p>","44400","2","0"
"3SBX2M1TKDGYL78QV9CDWNK4K7O4QS","3UWUAQCPMHIWDGAQYOZ92QURUGBC5W","Anotar texto para parcialidad en español","Una encuesta que busca detectar y comprender la tendencia de sesgo en una oración o frase en español dentro de los medios de comunicación que se refieren a la Guerra Fría","bias parcialidad tag espanol spanish","$0.35","Sun Jan 22 11:05:01 PST 2017","5","BatchId:2661458;OriginalHitTemplateId:920937336;","3600","259200","Sun Feb 19 11:05:01 PST 2017","","","3M1CVSFP61YFAGL0UCR6YA1M3HMQAL","A28HCCZ4I9R8LL","Submitted","Tue Jan 24 07:16:15 PST 2017","Tue Jan 24 07:18:27 PST 2017","Fri Jan 27 07:18:27 PST 2017","","","","132","100% (1/1)","100% (1/1)","100% (1/1)","Refusenik","1","1","<p><span class=""sentence"">Para solicitar un visado de salida, los candidatos (a veces toda su familia) a menudo debían abandonar sus (obviamente estatales) puestos de trabajo, lo que a su vez los hacía vulnerables a recibir acusaciones de &#x27;&#x27;parasitismo social&#x27;&#x27;, tipificado como delito en el duro código penal soviético.</span> </p><p><span class=""sentence"">Muchos judíos soviéticos encontraron que el (no brutal pero sí evidente) antisemitismo &#x27;&#x27;institucionalizado&#x27;&#x27; de la URSS bloqueaba las posibilidades de promoción o avance de sus peticiones.</span> <span class=""sentence"">De hecho, algunas áreas del gobierno soviético estaban virtualmente restringidas a los judíosBenjamin Pinkus &#x27;&#x27;Jews in the Soviet Union: history of a national minority&#x27;&#x27; (&quot;Los judíos de la Unión Soviética: la historia de una minoría nacional&quot;), Cambridge University Press, enero de 1990, páginas 229-230, ISBN 9780521389266, a pesar de tener éstos una representación &#x27;&#x27;superproporcional&#x27;&#x27; en el PCUS, mucho más alta que la de cualquier otro grupo nacional.Schmidt-Häuer, Christian &quot;Los rusos de hoy.</span> <span class=""sentence"">Cómo son y cómo viven&quot; (&#x27;&#x27;Das sind die Russen.</span> <span class=""sentence"">Wie sie wurden, wie sie leben&#x27;&#x27;), Albrecht Knaus Verlag, Hamburgo, ex Alemania Occidental, 1980 (Traducción al castellano, Planeta, Barcelona, España, 1981)</span> </p>","44400","-2","0"
"3SBX2M1TKDGYL78QV9CDWNK4K7O4QS","3UWUAQCPMHIWDGAQYOZ92QURUGBC5W","Anotar texto para parcialidad en español","Una encuesta que busca detectar y comprender la tendencia de sesgo en una oración o frase en español dentro de los medios de comunicación que se refieren a la Guerra Fría","bias parcialidad tag espanol spanish","$0.35","Sun Jan 22 11:05:01 PST 2017","5","BatchId:2661458;OriginalHitTemplateId:920937336;","3600","259200","Sun Feb 19 11:05:01 PST 2017","","","3X0H8UUIT2HOU93GNLC3BZDEDKWSW1","A11XQ4EVIPZF0F","Approved","Mon Jan 23 12:04:57 PST 2017","Mon Jan 23 12:06:51 PST 2017","Thu Jan 26 12:06:51 PST 2017","Mon Jan 23 18:58:31 PST 2017","","","114","100% (9/9)","100% (9/9)","100% (9/9)","Refusenik","1","1","<p><span class=""sentence"">Para solicitar un visado de salida, los candidatos (a veces toda su familia) a menudo debían abandonar sus (obviamente estatales) puestos de trabajo, lo que a su vez los hacía vulnerables a recibir acusaciones de &#x27;&#x27;parasitismo social&#x27;&#x27;, tipificado como delito en el duro código penal soviético.</span> </p><p><span class=""sentence"">Muchos judíos soviéticos encontraron que el (no brutal pero sí evidente) antisemitismo &#x27;&#x27;institucionalizado&#x27;&#x27; de la URSS bloqueaba las posibilidades de promoción o avance de sus peticiones.</span> <span class=""sentence"">De hecho, algunas áreas del gobierno soviético estaban virtualmente restringidas a los judíosBenjamin Pinkus &#x27;&#x27;Jews in the Soviet Union: history of a national minority&#x27;&#x27; (&quot;Los judíos de la Unión Soviética: la historia de una minoría nacional&quot;), Cambridge University Press, enero de 1990, páginas 229-230, ISBN 9780521389266, a pesar de tener éstos una representación &#x27;&#x27;superproporcional&#x27;&#x27; en el PCUS, mucho más alta que la de cualquier otro grupo nacional.Schmidt-Häuer, Christian &quot;Los rusos de hoy.</span> <span class=""sentence"">Cómo son y cómo viven&quot; (&#x27;&#x27;Das sind die Russen.</span> <span class=""sentence"">Wie sie wurden, wie sie leben&#x27;&#x27;), Albrecht Knaus Verlag, Hamburgo, ex Alemania Occidental, 1980 (Traducción al castellano, Planeta, Barcelona, España, 1981)</span> </p>","00000","0","0"
"3PZDSVZ3J5ADIAVYFHKWSTPZFW0N4N","3UWUAQCPMHIWDGAQYOZ92QURUGBC5W","Anotar texto para parcialidad en español","Una encuesta que busca detectar y comprender la tendencia de sesgo en una oración o frase en español dentro de los medios de comunicación que se refieren a la Guerra Fría","bias parcialidad tag espanol spanish","$0.35","Sun Jan 22 11:05:01 PST 2017","5","BatchId:2661458;OriginalHitTemplateId:920937336;","3600","259200","Sun Feb 19 11:05:01 PST 2017","","","33CID57105M4ZY62TS40UGOMN0H3LL","A3O43L1ZB2PRQ2","Approved","Tue Jan 24 01:30:16 PST 2017","Tue Jan 24 01:32:14 PST 2017","Fri Jan 27 01:32:14 PST 2017","Tue Jan 24 06:57:43 PST 2017","","","118","100% (6/6)","100% (6/6)","100% (6/6)","Refusenik","1","4","<p><span class=""sentence"">Además, un creciente número de alemanes del Volga intentaron obtener permiso para emigrar a la entonces Alemania Occidental (RFA).</span> <span class=""sentence"">A la diáspora potencial de éstos se fueron uniendo varios armenios, cristianos evangélicos, católicos romanos, y otros grupos étnicos o religiosos que deseaban exiliarse de la URSS, para así escapar de las históricas persecuciones de las que habían sido víctimas (y que eventualmente aún sufrían de manera residual).</span> <span class=""sentence"">Por su parte, otros sencillamente lo hacían buscando una vida mejor en Occidente, con mejores perspectivas económicas.</span> </p><p><span class=""sentence"">La llegada al poder de Mijaíl Gorbachov en la Unión Soviética en 1985, unido a sus posteriores políticas de &#x27;&#x27;glásnost&#x27;&#x27; y &#x27;&#x27;perestroika&#x27;&#x27;, así como el deseo de tener mejores relaciones con Occidente provocó cambios importantes.</span> <span class=""sentence"">La mayoría de &#x27;&#x27;refúseniks&#x27;&#x27; fueron autorizados a emigrar.</span> <span class=""sentence"">Con el colapso de la Unión Soviética en 1991, en gran parte ese término -junto al ruso original &#x27;&#x27;otkáznik&#x27;&#x27;- pasó a la historia.</span> </p>","040000","-1","0"
"3PZDSVZ3J5ADIAVYFHKWSTPZFW0N4N","3UWUAQCPMHIWDGAQYOZ92QURUGBC5W","Anotar texto para parcialidad en español","Una encuesta que busca detectar y comprender la tendencia de sesgo en una oración o frase en español dentro de los medios de comunicación que se refieren a la Guerra Fría","bias parcialidad tag espanol spanish","$0.35","Sun Jan 22 11:05:01 PST 2017","5","BatchId:2661458;OriginalHitTemplateId:920937336;","3600","259200","Sun Feb 19 11:05:01 PST 2017","","","38SKSKU7R2QJP1OLEVBNYMQB6FQIL6","A11XQ4EVIPZF0F","Approved","Mon Jan 23 12:01:06 PST 2017","Mon Jan 23 12:02:28 PST 2017","Thu Jan 26 12:02:28 PST 2017","Mon Jan 23 18:58:31 PST 2017","","","82","100% (9/9)","100% (9/9)","100% (9/9)","Refusenik","1","4","<p><span class=""sentence"">Además, un creciente número de alemanes del Volga intentaron obtener permiso para emigrar a la entonces Alemania Occidental (RFA).</span> <span class=""sentence"">A la diáspora potencial de éstos se fueron uniendo varios armenios, cristianos evangélicos, católicos romanos, y otros grupos étnicos o religiosos que deseaban exiliarse de la URSS, para así escapar de las históricas persecuciones de las que habían sido víctimas (y que eventualmente aún sufrían de manera residual).</span> <span class=""sentence"">Por su parte, otros sencillamente lo hacían buscando una vida mejor en Occidente, con mejores perspectivas económicas.</span> </p><p><span class=""sentence"">La llegada al poder de Mijaíl Gorbachov en la Unión Soviética en 1985, unido a sus posteriores políticas de &#x27;&#x27;glásnost&#x27;&#x27; y &#x27;&#x27;perestroika&#x27;&#x27;, así como el deseo de tener mejores relaciones con Occidente provocó cambios importantes.</span> <span class=""sentence"">La mayoría de &#x27;&#x27;refúseniks&#x27;&#x27; fueron autorizados a emigrar.</span> <span class=""sentence"">Con el colapso de la Unión Soviética en 1991, en gran parte ese término -junto al ruso original &#x27;&#x27;otkáznik&#x27;&#x27;- pasó a la historia.</span> </p>","000000","0","0"
"3PZDSVZ3J5ADIAVYFHKWSTPZFW0N4N","3UWUAQCPMHIWDGAQYOZ92QURUGBC5W","Anotar texto para parcialidad en español","Una encuesta que busca detectar y comprender la tendencia de sesgo en una oración o frase en español dentro de los medios de comunicación que se refieren a la Guerra Fría","bias parcialidad tag espanol spanish","$0.35","Sun Jan 22 11:05:01 PST 2017","5","BatchId:2661458;OriginalHitTemplateId:920937336;","3600","259200","Sun Feb 19 11:05:01 PST 2017","","","3CN4LGXD5YH9HTW5CLY9YTIOADJ4YX","AEN7H01OU26XL","Approved","Mon Jan 23 13:51:45 PST 2017","Mon Jan 23 14:01:05 PST 2017","Thu Jan 26 14:01:05 PST 2017","Mon Jan 23 18:58:31 PST 2017","","","560","100% (9/9)","100% (9/9)","100% (9/9)","Refusenik","1","4","<p><span class=""sentence"">Además, un creciente número de alemanes del Volga intentaron obtener permiso para emigrar a la entonces Alemania Occidental (RFA).</span> <span class=""sentence"">A la diáspora potencial de éstos se fueron uniendo varios armenios, cristianos evangélicos, católicos romanos, y otros grupos étnicos o religiosos que deseaban exiliarse de la URSS, para así escapar de las históricas persecuciones de las que habían sido víctimas (y que eventualmente aún sufrían de manera residual).</span> <span class=""sentence"">Por su parte, otros sencillamente lo hacían buscando una vida mejor en Occidente, con mejores perspectivas económicas.</span> </p><p><span class=""sentence"">La llegada al poder de Mijaíl Gorbachov en la Unión Soviética en 1985, unido a sus posteriores políticas de &#x27;&#x27;glásnost&#x27;&#x27; y &#x27;&#x27;perestroika&#x27;&#x27;, así como el deseo de tener mejores relaciones con Occidente provocó cambios importantes.</span> <span class=""sentence"">La mayoría de &#x27;&#x27;refúseniks&#x27;&#x27; fueron autorizados a emigrar.</span> <span class=""sentence"">Con el colapso de la Unión Soviética en 1991, en gran parte ese término -junto al ruso original &#x27;&#x27;otkáznik&#x27;&#x27;- pasó a la historia.</span> </p>","041104","-2","0"
"3PZDSVZ3J5ADIAVYFHKWSTPZFW0N4N","3UWUAQCPMHIWDGAQYOZ92QURUGBC5W","Anotar texto para parcialidad en español","Una encuesta que busca detectar y comprender la tendencia de sesgo en una oración o frase en español dentro de los medios de comunicación que se refieren a la Guerra Fría","bias parcialidad tag espanol spanish","$0.35","Sun Jan 22 11:05:01 PST 2017","5","BatchId:2661458;OriginalHitTemplateId:920937336;","3600","259200","Sun Feb 19 11:05:01 PST 2017","","","3GLB5JMZFYOMVYUYBQDWUX5QISWGDU","A7U1E6I5W4H8S","Approved","Mon Jan 23 08:06:31 PST 2017","Mon Jan 23 08:11:49 PST 2017","Thu Jan 26 08:11:49 PST 2017","Mon Jan 23 18:58:31 PST 2017","","","318","100% (9/9)","100% (9/9)","100% (9/9)","Refusenik","1","4","<p><span class=""sentence"">Además, un creciente número de alemanes del Volga intentaron obtener permiso para emigrar a la entonces Alemania Occidental (RFA).</span> <span class=""sentence"">A la diáspora potencial de éstos se fueron uniendo varios armenios, cristianos evangélicos, católicos romanos, y otros grupos étnicos o religiosos que deseaban exiliarse de la URSS, para así escapar de las históricas persecuciones de las que habían sido víctimas (y que eventualmente aún sufrían de manera residual).</span> <span class=""sentence"">Por su parte, otros sencillamente lo hacían buscando una vida mejor en Occidente, con mejores perspectivas económicas.</span> </p><p><span class=""sentence"">La llegada al poder de Mijaíl Gorbachov en la Unión Soviética en 1985, unido a sus posteriores políticas de &#x27;&#x27;glásnost&#x27;&#x27; y &#x27;&#x27;perestroika&#x27;&#x27;, así como el deseo de tener mejores relaciones con Occidente provocó cambios importantes.</span> <span class=""sentence"">La mayoría de &#x27;&#x27;refúseniks&#x27;&#x27; fueron autorizados a emigrar.</span> <span class=""sentence"">Con el colapso de la Unión Soviética en 1991, en gran parte ese término -junto al ruso original &#x27;&#x27;otkáznik&#x27;&#x27;- pasó a la historia.</span> </p>","044030","-2","0"
"3PZDSVZ3J5ADIAVYFHKWSTPZFW0N4N","3UWUAQCPMHIWDGAQYOZ92QURUGBC5W","Anotar texto para parcialidad en español","Una encuesta que busca detectar y comprender la tendencia de sesgo en una oración o frase en español dentro de los medios de comunicación que se refieren a la Guerra Fría","bias parcialidad tag espanol spanish","$0.35","Sun Jan 22 11:05:01 PST 2017","5","BatchId:2661458;OriginalHitTemplateId:920937336;","3600","259200","Sun Feb 19 11:05:01 PST 2017","","","3L4D84MIL0LDYGP15SHPIVC42HKHJW","A28HCCZ4I9R8LL","Submitted","Tue Jan 24 07:13:25 PST 2017","Tue Jan 24 07:15:11 PST 2017","Fri Jan 27 07:15:11 PST 2017","","","","106","100% (1/1)","100% (1/1)","100% (1/1)","Refusenik","1","4","<p><span class=""sentence"">Además, un creciente número de alemanes del Volga intentaron obtener permiso para emigrar a la entonces Alemania Occidental (RFA).</span> <span class=""sentence"">A la diáspora potencial de éstos se fueron uniendo varios armenios, cristianos evangélicos, católicos romanos, y otros grupos étnicos o religiosos que deseaban exiliarse de la URSS, para así escapar de las históricas persecuciones de las que habían sido víctimas (y que eventualmente aún sufrían de manera residual).</span> <span class=""sentence"">Por su parte, otros sencillamente lo hacían buscando una vida mejor en Occidente, con mejores perspectivas económicas.</span> </p><p><span class=""sentence"">La llegada al poder de Mijaíl Gorbachov en la Unión Soviética en 1985, unido a sus posteriores políticas de &#x27;&#x27;glásnost&#x27;&#x27; y &#x27;&#x27;perestroika&#x27;&#x27;, así como el deseo de tener mejores relaciones con Occidente provocó cambios importantes.</span> <span class=""sentence"">La mayoría de &#x27;&#x27;refúseniks&#x27;&#x27; fueron autorizados a emigrar.</span> <span class=""sentence"">Con el colapso de la Unión Soviética en 1991, en gran parte ese término -junto al ruso original &#x27;&#x27;otkáznik&#x27;&#x27;- pasó a la historia.</span> </p>","040300","-1","0"
"39WICJI5ATLMH3QDIRQ7DB42BACZ3V","3UWUAQCPMHIWDGAQYOZ92QURUGBC5W","Anotar texto para parcialidad en español","Una encuesta que busca detectar y comprender la tendencia de sesgo en una oración o frase en español dentro de los medios de comunicación que se refieren a la Guerra Fría","bias parcialidad tag espanol spanish","$0.35","Sun Jan 22 11:05:01 PST 2017","5","BatchId:2661458;OriginalHitTemplateId:920937336;","3600","259200","Sun Feb 19 11:05:01 PST 2017","","","33LK57MYLUYSO48LY8WAA37WUO0SZV","AL9I95607J7V6","Approved","Mon Jan 23 20:38:08 PST 2017","Mon Jan 23 20:44:59 PST 2017","Thu Jan 26 20:44:59 PST 2017","Tue Jan 24 06:57:44 PST 2017","","","411","100% (2/2)","100% (2/2)","100% (2/2)","Arte_soviético","3","3","<p><span class=""sentence"">Decidieron seguir adelante con la exposición de todas formas, que consistía solamente en obras de arte no oficiales que no se ajustaban al estilo del realismo socialista.</span> <span class=""sentence"">La KGB puso fin a la exposición justo horas después de que abriera llevando bulldozers para destruir completamente todas las obras de arte presentes.</span> <span class=""sentence"">Afortunadamente para los artistas, la prensa extranjera había estado allí para ser testigos del evento.</span> <span class=""sentence"">La cobertura a nivel mundial de ella forzó a las autoridades a permitir una exposición de Arte Inconformista dos semanas más tarde en el parque Izmailovsky de Moscú.</span> </p><p><span class=""sentence"">En los años ochenta, las políticas de Gorbachov de &#x27;&#x27;perestroika&#x27;&#x27; y &#x27;&#x27;glásnost&#x27;&#x27; hicieron virtualmente imposible para las autoridades restringir a los artistas o su libertad de expresión.</span> <span class=""sentence"">Con la caída de la URSS, la nueva economía de mercado permitió el desarrollo de un sistema de galerías, que significaba que los artistas no tenían que ser ya empleados del Estado, y podían crear obras de acuerdo con sus propios gustos, así como los gustos de sus mecenas privados.</span> <span class=""sentence"">En consecuencua, después de alrededor de 1986 el fenómeno del Arte Inconformista en la URSS dejó de existir.</span> </p>","0444440","-2","0"
"39WICJI5ATLMH3QDIRQ7DB42BACZ3V","3UWUAQCPMHIWDGAQYOZ92QURUGBC5W","Anotar texto para parcialidad en español","Una encuesta que busca detectar y comprender la tendencia de sesgo en una oración o frase en español dentro de los medios de comunicación que se refieren a la Guerra Fría","bias parcialidad tag espanol spanish","$0.35","Sun Jan 22 11:05:01 PST 2017","5","BatchId:2661458;OriginalHitTemplateId:920937336;","3600","259200","Sun Feb 19 11:05:01 PST 2017","","","3ERET4BTVN2FUUD0P1T96TETYPXK9L","A11XQ4EVIPZF0F","Approved","Mon Jan 23 11:58:03 PST 2017","Mon Jan 23 12:01:06 PST 2017","Thu Jan 26 12:01:06 PST 2017","Mon Jan 23 18:58:30 PST 2017","","","183","100% (9/9)","100% (9/9)","100% (9/9)","Arte_soviético","3","3","<p><span class=""sentence"">Decidieron seguir adelante con la exposición de todas formas, que consistía solamente en obras de arte no oficiales que no se ajustaban al estilo del realismo socialista.</span> <span class=""sentence"">La KGB puso fin a la exposición justo horas después de que abriera llevando bulldozers para destruir completamente todas las obras de arte presentes.</span> <span class=""sentence"">Afortunadamente para los artistas, la prensa extranjera había estado allí para ser testigos del evento.</span> <span class=""sentence"">La cobertura a nivel mundial de ella forzó a las autoridades a permitir una exposición de Arte Inconformista dos semanas más tarde en el parque Izmailovsky de Moscú.</span> </p><p><span class=""sentence"">En los años ochenta, las políticas de Gorbachov de &#x27;&#x27;perestroika&#x27;&#x27; y &#x27;&#x27;glásnost&#x27;&#x27; hicieron virtualmente imposible para las autoridades restringir a los artistas o su libertad de expresión.</span> <span class=""sentence"">Con la caída de la URSS, la nueva economía de mercado permitió el desarrollo de un sistema de galerías, que significaba que los artistas no tenían que ser ya empleados del Estado, y podían crear obras de acuerdo con sus propios gustos, así como los gustos de sus mecenas privados.</span> <span class=""sentence"">En consecuencua, después de alrededor de 1986 el fenómeno del Arte Inconformista en la URSS dejó de existir.</span> </p>","0000000","0","0"
"39WICJI5ATLMH3QDIRQ7DB42BACZ3V","3UWUAQCPMHIWDGAQYOZ92QURUGBC5W","Anotar texto para parcialidad en español","Una encuesta que busca detectar y comprender la tendencia de sesgo en una oración o frase en español dentro de los medios de comunicación que se refieren a la Guerra Fría","bias parcialidad tag espanol spanish","$0.35","Sun Jan 22 11:05:01 PST 2017","5","BatchId:2661458;OriginalHitTemplateId:920937336;","3600","259200","Sun Feb 19 11:05:01 PST 2017","","","3GA6AFUKOPH2D2NC27P22OVF6KYH3K","A28HCCZ4I9R8LL","Submitted","Tue Jan 24 07:12:07 PST 2017","Tue Jan 24 07:13:24 PST 2017","Fri Jan 27 07:13:24 PST 2017","","","","77","100% (1/1)","100% (1/1)","100% (1/1)","Arte_soviético","3","3","<p><span class=""sentence"">Decidieron seguir adelante con la exposición de todas formas, que consistía solamente en obras de arte no oficiales que no se ajustaban al estilo del realismo socialista.</span> <span class=""sentence"">La KGB puso fin a la exposición justo horas después de que abriera llevando bulldozers para destruir completamente todas las obras de arte presentes.</span> <span class=""sentence"">Afortunadamente para los artistas, la prensa extranjera había estado allí para ser testigos del evento.</span> <span class=""sentence"">La cobertura a nivel mundial de ella forzó a las autoridades a permitir una exposición de Arte Inconformista dos semanas más tarde en el parque Izmailovsky de Moscú.</span> </p><p><span class=""sentence"">En los años ochenta, las políticas de Gorbachov de &#x27;&#x27;perestroika&#x27;&#x27; y &#x27;&#x27;glásnost&#x27;&#x27; hicieron virtualmente imposible para las autoridades restringir a los artistas o su libertad de expresión.</span> <span class=""sentence"">Con la caída de la URSS, la nueva economía de mercado permitió el desarrollo de un sistema de galerías, que significaba que los artistas no tenían que ser ya empleados del Estado, y podían crear obras de acuerdo con sus propios gustos, así como los gustos de sus mecenas privados.</span> <span class=""sentence"">En consecuencua, después de alrededor de 1986 el fenómeno del Arte Inconformista en la URSS dejó de existir.</span> </p>","0400300","-1","0"
"39WICJI5ATLMH3QDIRQ7DB42BACZ3V","3UWUAQCPMHIWDGAQYOZ92QURUGBC5W","Anotar texto para parcialidad en español","Una encuesta que busca detectar y comprender la tendencia de sesgo en una oración o frase en español dentro de los medios de comunicación que se refieren a la Guerra Fría","bias parcialidad tag espanol spanish","$0.35","Sun Jan 22 11:05:01 PST 2017","5","BatchId:2661458;OriginalHitTemplateId:920937336;","3600","259200","Sun Feb 19 11:05:01 PST 2017","","","3ZR9AIQJUC2CKY0K4DN061O4Y0604U","AEN7H01OU26XL","Approved","Mon Jan 23 14:01:05 PST 2017","Mon Jan 23 14:03:33 PST 2017","Thu Jan 26 14:03:33 PST 2017","Mon Jan 23 18:58:30 PST 2017","","","148","100% (9/9)","100% (9/9)","100% (9/9)","Arte_soviético","3","3","<p><span class=""sentence"">Decidieron seguir adelante con la exposición de todas formas, que consistía solamente en obras de arte no oficiales que no se ajustaban al estilo del realismo socialista.</span> <span class=""sentence"">La KGB puso fin a la exposición justo horas después de que abriera llevando bulldozers para destruir completamente todas las obras de arte presentes.</span> <span class=""sentence"">Afortunadamente para los artistas, la prensa extranjera había estado allí para ser testigos del evento.</span> <span class=""sentence"">La cobertura a nivel mundial de ella forzó a las autoridades a permitir una exposición de Arte Inconformista dos semanas más tarde en el parque Izmailovsky de Moscú.</span> </p><p><span class=""sentence"">En los años ochenta, las políticas de Gorbachov de &#x27;&#x27;perestroika&#x27;&#x27; y &#x27;&#x27;glásnost&#x27;&#x27; hicieron virtualmente imposible para las autoridades restringir a los artistas o su libertad de expresión.</span> <span class=""sentence"">Con la caída de la URSS, la nueva economía de mercado permitió el desarrollo de un sistema de galerías, que significaba que los artistas no tenían que ser ya empleados del Estado, y podían crear obras de acuerdo con sus propios gustos, así como los gustos de sus mecenas privados.</span> <span class=""sentence"">En consecuencua, después de alrededor de 1986 el fenómeno del Arte Inconformista en la URSS dejó de existir.</span> </p>","4410333","-1","0"
"39WICJI5ATLMH3QDIRQ7DB42BACZ3V","3UWUAQCPMHIWDGAQYOZ92QURUGBC5W","Anotar texto para parcialidad en español","Una encuesta que busca detectar y comprender la tendencia de sesgo en una oración o frase en español dentro de los medios de comunicación que se refieren a la Guerra Fría","bias parcialidad tag espanol spanish","$0.35","Sun Jan 22 11:05:01 PST 2017","5","BatchId:2661458;OriginalHitTemplateId:920937336;","3600","259200","Sun Feb 19 11:05:01 PST 2017","","","3ZSANO2JCG0MJNHLXW237BREIG7FSP","A7U1E6I5W4H8S","Approved","Mon Jan 23 08:13:46 PST 2017","Mon Jan 23 08:18:01 PST 2017","Thu Jan 26 08:18:01 PST 2017","Mon Jan 23 18:58:30 PST 2017","","","255","100% (9/9)","100% (9/9)","100% (9/9)","Arte_soviético","3","3","<p><span class=""sentence"">Decidieron seguir adelante con la exposición de todas formas, que consistía solamente en obras de arte no oficiales que no se ajustaban al estilo del realismo socialista.</span> <span class=""sentence"">La KGB puso fin a la exposición justo horas después de que abriera llevando bulldozers para destruir completamente todas las obras de arte presentes.</span> <span class=""sentence"">Afortunadamente para los artistas, la prensa extranjera había estado allí para ser testigos del evento.</span> <span class=""sentence"">La cobertura a nivel mundial de ella forzó a las autoridades a permitir una exposición de Arte Inconformista dos semanas más tarde en el parque Izmailovsky de Moscú.</span> </p><p><span class=""sentence"">En los años ochenta, las políticas de Gorbachov de &#x27;&#x27;perestroika&#x27;&#x27; y &#x27;&#x27;glásnost&#x27;&#x27; hicieron virtualmente imposible para las autoridades restringir a los artistas o su libertad de expresión.</span> <span class=""sentence"">Con la caída de la URSS, la nueva economía de mercado permitió el desarrollo de un sistema de galerías, que significaba que los artistas no tenían que ser ya empleados del Estado, y podían crear obras de acuerdo con sus propios gustos, así como los gustos de sus mecenas privados.</span> <span class=""sentence"">En consecuencua, después de alrededor de 1986 el fenómeno del Arte Inconformista en la URSS dejó de existir.</span> </p>","0443303","-1","0"
"3P7QK0GJ3TEXWLUUERC2U1ZA5WCZ2K","3UWUAQCPMHIWDGAQYOZ92QURUGBC5W","Anotar texto para parcialidad en español","Una encuesta que busca detectar y comprender la tendencia de sesgo en una oración o frase en español dentro de los medios de comunicación que se refieren a la Guerra Fría","bias parcialidad tag espanol spanish","$0.35","Sun Jan 22 11:05:01 PST 2017","5","BatchId:2661458;OriginalHitTemplateId:920937336;","3600","259200","Sun Feb 19 11:05:01 PST 2017","","","36W0OB37HX73YVU5NEKB6P0ULFVZHX","A28HCCZ4I9R8LL","Submitted","Tue Jan 24 06:55:49 PST 2017","Tue Jan 24 06:58:36 PST 2017","Fri Jan 27 06:58:36 PST 2017","","","","167","100% (1/1)","100% (1/1)","100% (1/1)","Arte_soviético","3","1","<p><span class=""sentence"">El grupo Lianozovo se formó alrededor del artista Oskar Rabin en los años sesenta e incluyó a artistas como Valentina Kropivnitskaya, Vladimir Nemukhin, y Lydia Masterkova.</span> <span class=""sentence"">Aunque no se adhirieron a ningún estilo común, estos artistas buscaban expresarse a sí mismos fielmente del modo que cada uno estimaba adecuado, más que adhiriéndose al estilo propagandístico del realismo socialista.</span> </p><p><span class=""sentence"">La tolerancia hacia el arte inconformista por las autoridades sufrió un flujo y reflujo antes de la caída final de la Unión Soviética en 1991.</span> <span class=""sentence"">Los artistas aprovecharon los primeros años después de la muerte de Stalin para experimentar con su obra sin el miedo a la persecución.</span> <span class=""sentence"">En 1962, los artistas experimentaron un pequeño revés cuando Khrushchev apareció en la exposición del XXX aniversario del Sindicato de Artistas de Moscú en la sala de exposiciones Manege.</span> <span class=""sentence"">Entre las obras tópicas del realismo socialista, había unas pocas obras abstractas de artistas como Ernst Neizvestny y Eli Beliutin, que Khrushchev criticó diciendo que eran una «mierda», y los artistas unos «homosexuales».</span> <span class=""sentence"">El mensaje estaba claro: la política artística no era tan liberal como todo el mundo esperaba.</span> </p>","0040040","-1","0"
"3P7QK0GJ3TEXWLUUERC2U1ZA5WCZ2K","3UWUAQCPMHIWDGAQYOZ92QURUGBC5W","Anotar texto para parcialidad en español","Una encuesta que busca detectar y comprender la tendencia de sesgo en una oración o frase en español dentro de los medios de comunicación que se refieren a la Guerra Fría","bias parcialidad tag espanol spanish","$0.35","Sun Jan 22 11:05:01 PST 2017","5","BatchId:2661458;OriginalHitTemplateId:920937336;","3600","259200","Sun Feb 19 11:05:01 PST 2017","","","37W3JXSD671LQVFPMR4STL1FU4TYWK","A7U1E6I5W4H8S","Approved","Mon Jan 23 08:18:24 PST 2017","Mon Jan 23 08:19:38 PST 2017","Thu Jan 26 08:19:38 PST 2017","Mon Jan 23 18:58:30 PST 2017","","","74","100% (9/9)","100% (9/9)","100% (9/9)","Arte_soviético","3","1","<p><span class=""sentence"">El grupo Lianozovo se formó alrededor del artista Oskar Rabin en los años sesenta e incluyó a artistas como Valentina Kropivnitskaya, Vladimir Nemukhin, y Lydia Masterkova.</span> <span class=""sentence"">Aunque no se adhirieron a ningún estilo común, estos artistas buscaban expresarse a sí mismos fielmente del modo que cada uno estimaba adecuado, más que adhiriéndose al estilo propagandístico del realismo socialista.</span> </p><p><span class=""sentence"">La tolerancia hacia el arte inconformista por las autoridades sufrió un flujo y reflujo antes de la caída final de la Unión Soviética en 1991.</span> <span class=""sentence"">Los artistas aprovecharon los primeros años después de la muerte de Stalin para experimentar con su obra sin el miedo a la persecución.</span> <span class=""sentence"">En 1962, los artistas experimentaron un pequeño revés cuando Khrushchev apareció en la exposición del XXX aniversario del Sindicato de Artistas de Moscú en la sala de exposiciones Manege.</span> <span class=""sentence"">Entre las obras tópicas del realismo socialista, había unas pocas obras abstractas de artistas como Ernst Neizvestny y Eli Beliutin, que Khrushchev criticó diciendo que eran una «mierda», y los artistas unos «homosexuales».</span> <span class=""sentence"">El mensaje estaba claro: la política artística no era tan liberal como todo el mundo esperaba.</span> </p>","3003444","-2","0"
"3P7QK0GJ3TEXWLUUERC2U1ZA5WCZ2K","3UWUAQCPMHIWDGAQYOZ92QURUGBC5W","Anotar texto para parcialidad en español","Una encuesta que busca detectar y comprender la tendencia de sesgo en una oración o frase en español dentro de los medios de comunicación que se refieren a la Guerra Fría","bias parcialidad tag espanol spanish","$0.35","Sun Jan 22 11:05:01 PST 2017","5","BatchId:2661458;OriginalHitTemplateId:920937336;","3600","259200","Sun Feb 19 11:05:01 PST 2017","","","3DEL4X4EL7E0FVKFWW0EV4FM38VXYC","AEN7H01OU26XL","Approved","Mon Jan 23 14:43:13 PST 2017","Mon Jan 23 14:48:21 PST 2017","Thu Jan 26 14:48:21 PST 2017","Mon Jan 23 18:58:30 PST 2017","","","308","100% (9/9)","100% (9/9)","100% (9/9)","Arte_soviético","3","1","<p><span class=""sentence"">El grupo Lianozovo se formó alrededor del artista Oskar Rabin en los años sesenta e incluyó a artistas como Valentina Kropivnitskaya, Vladimir Nemukhin, y Lydia Masterkova.</span> <span class=""sentence"">Aunque no se adhirieron a ningún estilo común, estos artistas buscaban expresarse a sí mismos fielmente del modo que cada uno estimaba adecuado, más que adhiriéndose al estilo propagandístico del realismo socialista.</span> </p><p><span class=""sentence"">La tolerancia hacia el arte inconformista por las autoridades sufrió un flujo y reflujo antes de la caída final de la Unión Soviética en 1991.</span> <span class=""sentence"">Los artistas aprovecharon los primeros años después de la muerte de Stalin para experimentar con su obra sin el miedo a la persecución.</span> <span class=""sentence"">En 1962, los artistas experimentaron un pequeño revés cuando Khrushchev apareció en la exposición del XXX aniversario del Sindicato de Artistas de Moscú en la sala de exposiciones Manege.</span> <span class=""sentence"">Entre las obras tópicas del realismo socialista, había unas pocas obras abstractas de artistas como Ernst Neizvestny y Eli Beliutin, que Khrushchev criticó diciendo que eran una «mierda», y los artistas unos «homosexuales».</span> <span class=""sentence"">El mensaje estaba claro: la política artística no era tan liberal como todo el mundo esperaba.</span> </p>","4444444","2","0"
"3P7QK0GJ3TEXWLUUERC2U1ZA5WCZ2K","3UWUAQCPMHIWDGAQYOZ92QURUGBC5W","Anotar texto para parcialidad en español","Una encuesta que busca detectar y comprender la tendencia de sesgo en una oración o frase en español dentro de los medios de comunicación que se refieren a la Guerra Fría","bias parcialidad tag espanol spanish","$0.35","Sun Jan 22 11:05:01 PST 2017","5","BatchId:2661458;OriginalHitTemplateId:920937336;","3600","259200","Sun Feb 19 11:05:01 PST 2017","","","3EICBYG645PMH8ELJ03O74FOPUACJN","A3O43L1ZB2PRQ2","Submitted","Wed Jan 25 01:19:06 PST 2017","Wed Jan 25 01:21:30 PST 2017","Sat Jan 28 01:21:30 PST 2017","","","","144","100% (6/6)","100% (6/6)","100% (6/6)","Arte_soviético","3","1","<p><span class=""sentence"">El grupo Lianozovo se formó alrededor del artista Oskar Rabin en los años sesenta e incluyó a artistas como Valentina Kropivnitskaya, Vladimir Nemukhin, y Lydia Masterkova.</span> <span class=""sentence"">Aunque no se adhirieron a ningún estilo común, estos artistas buscaban expresarse a sí mismos fielmente del modo que cada uno estimaba adecuado, más que adhiriéndose al estilo propagandístico del realismo socialista.</span> </p><p><span class=""sentence"">La tolerancia hacia el arte inconformista por las autoridades sufrió un flujo y reflujo antes de la caída final de la Unión Soviética en 1991.</span> <span class=""sentence"">Los artistas aprovecharon los primeros años después de la muerte de Stalin para experimentar con su obra sin el miedo a la persecución.</span> <span class=""sentence"">En 1962, los artistas experimentaron un pequeño revés cuando Khrushchev apareció en la exposición del XXX aniversario del Sindicato de Artistas de Moscú en la sala de exposiciones Manege.</span> <span class=""sentence"">Entre las obras tópicas del realismo socialista, había unas pocas obras abstractas de artistas como Ernst Neizvestny y Eli Beliutin, que Khrushchev criticó diciendo que eran una «mierda», y los artistas unos «homosexuales».</span> <span class=""sentence"">El mensaje estaba claro: la política artística no era tan liberal como todo el mundo esperaba.</span> </p>","0404444","-2","0"
"3P7QK0GJ3TEXWLUUERC2U1ZA5WCZ2K","3UWUAQCPMHIWDGAQYOZ92QURUGBC5W","Anotar texto para parcialidad en español","Una encuesta que busca detectar y comprender la tendencia de sesgo en una oración o frase en español dentro de los medios de comunicación que se refieren a la Guerra Fría","bias parcialidad tag espanol spanish","$0.35","Sun Jan 22 11:05:01 PST 2017","5","BatchId:2661458;OriginalHitTemplateId:920937336;","3600","259200","Sun Feb 19 11:05:01 PST 2017","","","3GLB5JMZFYOMVYUYBQDWUX5QITXDGU","A11XQ4EVIPZF0F","Approved","Mon Jan 23 12:06:51 PST 2017","Mon Jan 23 12:07:58 PST 2017","Thu Jan 26 12:07:58 PST 2017","Mon Jan 23 18:58:31 PST 2017","","","67","100% (9/9)","100% (9/9)","100% (9/9)","Arte_soviético","3","1","<p><span class=""sentence"">El grupo Lianozovo se formó alrededor del artista Oskar Rabin en los años sesenta e incluyó a artistas como Valentina Kropivnitskaya, Vladimir Nemukhin, y Lydia Masterkova.</span> <span class=""sentence"">Aunque no se adhirieron a ningún estilo común, estos artistas buscaban expresarse a sí mismos fielmente del modo que cada uno estimaba adecuado, más que adhiriéndose al estilo propagandístico del realismo socialista.</span> </p><p><span class=""sentence"">La tolerancia hacia el arte inconformista por las autoridades sufrió un flujo y reflujo antes de la caída final de la Unión Soviética en 1991.</span> <span class=""sentence"">Los artistas aprovecharon los primeros años después de la muerte de Stalin para experimentar con su obra sin el miedo a la persecución.</span> <span class=""sentence"">En 1962, los artistas experimentaron un pequeño revés cuando Khrushchev apareció en la exposición del XXX aniversario del Sindicato de Artistas de Moscú en la sala de exposiciones Manege.</span> <span class=""sentence"">Entre las obras tópicas del realismo socialista, había unas pocas obras abstractas de artistas como Ernst Neizvestny y Eli Beliutin, que Khrushchev criticó diciendo que eran una «mierda», y los artistas unos «homosexuales».</span> <span class=""sentence"">El mensaje estaba claro: la política artística no era tan liberal como todo el mundo esperaba.</span> </p>","0000004","-1","0"
"3HRWUH63QUVVETZYTM36XLVDFSVN5S","3UWUAQCPMHIWDGAQYOZ92QURUGBC5W","Anotar texto para parcialidad en español","Una encuesta que busca detectar y comprender la tendencia de sesgo en una oración o frase en español dentro de los medios de comunicación que se refieren a la Guerra Fría","bias parcialidad tag espanol spanish","$0.35","Sun Jan 22 11:05:01 PST 2017","5","BatchId:2661458;OriginalHitTemplateId:920937336;","3600","259200","Sun Feb 19 11:05:01 PST 2017","","","3BEFOD78W7M9NC7RTIAY4YVH12G4MG","A11XQ4EVIPZF0F","Approved","Mon Jan 23 12:07:59 PST 2017","Mon Jan 23 12:08:45 PST 2017","Thu Jan 26 12:08:45 PST 2017","Mon Jan 23 18:58:30 PST 2017","","","46","100% (9/9)","100% (9/9)","100% (9/9)","Arte_soviético","3","0","<p><span class=""sentence"">En los años cincuenta, el artista moscovita Eli Beliutin animó a sus estudiantes a experimentar con la abstracción, una práctica ampliamente desaconsejada por el sindicato de artistas, que estrictamente apoyaba la política oficial del realismo socialista.</span> <span class=""sentence"">Los artistas que escogieron pintar en estilos alternativos tenían que hacerlo en privado y nunca pudieron exponer o vender su obra.</span> <span class=""sentence"">Como resultado de ello, el arte inconformista se desarrolló por un camino separado respecto al arte oficial que se registraba en los libros de historia.</span> </p><p><span class=""sentence"">La revista LIFE publicó dos retratos de dos pintores, quien a su juicio, eran los más representativos de las artes rusas de la época: fue Serov, un icono soviético oficial, y Anatoly Zverev, un expresionista de vanguardia rusa &#x27;&#x27;underground&#x27;&#x27;.</span> <span class=""sentence"">El retrato de Lenin hecho por Serov y el autorretrato de Zverev se relacionaban por muchos con una eterna lucha bíblica de Satán y el Salvador.</span> <span class=""sentence"">Cuando Khrushchev conoció la publicación se enojó y prohibió todos los contactos con visitantes occidentales, cerrando todas las exposiciones semi legales.</span> <span class=""sentence"">Y por supuesto, Zverev fue el principal objetivo de su ira.</span> </p>","0000000","0","0"
"3HRWUH63QUVVETZYTM36XLVDFSVN5S","3UWUAQCPMHIWDGAQYOZ92QURUGBC5W","Anotar texto para parcialidad en español","Una encuesta que busca detectar y comprender la tendencia de sesgo en una oración o frase en español dentro de los medios de comunicación que se refieren a la Guerra Fría","bias parcialidad tag espanol spanish","$0.35","Sun Jan 22 11:05:01 PST 2017","5","BatchId:2661458;OriginalHitTemplateId:920937336;","3600","259200","Sun Feb 19 11:05:01 PST 2017","","","3BQU611VFQDVDYU9L42KGK0DNZY991","A28HCCZ4I9R8LL","Approved","Tue Jan 24 06:52:56 PST 2017","Tue Jan 24 06:55:48 PST 2017","Fri Jan 27 06:55:48 PST 2017","Tue Jan 24 06:57:43 PST 2017","","","172","100% (1/1)","100% (1/1)","100% (1/1)","Arte_soviético","3","0","<p><span class=""sentence"">En los años cincuenta, el artista moscovita Eli Beliutin animó a sus estudiantes a experimentar con la abstracción, una práctica ampliamente desaconsejada por el sindicato de artistas, que estrictamente apoyaba la política oficial del realismo socialista.</span> <span class=""sentence"">Los artistas que escogieron pintar en estilos alternativos tenían que hacerlo en privado y nunca pudieron exponer o vender su obra.</span> <span class=""sentence"">Como resultado de ello, el arte inconformista se desarrolló por un camino separado respecto al arte oficial que se registraba en los libros de historia.</span> </p><p><span class=""sentence"">La revista LIFE publicó dos retratos de dos pintores, quien a su juicio, eran los más representativos de las artes rusas de la época: fue Serov, un icono soviético oficial, y Anatoly Zverev, un expresionista de vanguardia rusa &#x27;&#x27;underground&#x27;&#x27;.</span> <span class=""sentence"">El retrato de Lenin hecho por Serov y el autorretrato de Zverev se relacionaban por muchos con una eterna lucha bíblica de Satán y el Salvador.</span> <span class=""sentence"">Cuando Khrushchev conoció la publicación se enojó y prohibió todos los contactos con visitantes occidentales, cerrando todas las exposiciones semi legales.</span> <span class=""sentence"">Y por supuesto, Zverev fue el principal objetivo de su ira.</span> </p>","0000000","-1","0"
"3HRWUH63QUVVETZYTM36XLVDFSVN5S","3UWUAQCPMHIWDGAQYOZ92QURUGBC5W","Anotar texto para parcialidad en español","Una encuesta que busca detectar y comprender la tendencia de sesgo en una oración o frase en español dentro de los medios de comunicación que se refieren a la Guerra Fría","bias parcialidad tag espanol spanish","$0.35","Sun Jan 22 11:05:01 PST 2017","5","BatchId:2661458;OriginalHitTemplateId:920937336;","3600","259200","Sun Feb 19 11:05:01 PST 2017","","","3CPLWGV3MPSG20Y3MELPYLVXSNRN9O","A3O43L1ZB2PRQ2","Approved","Tue Jan 24 01:32:20 PST 2017","Tue Jan 24 01:33:39 PST 2017","Fri Jan 27 01:33:39 PST 2017","Tue Jan 24 06:57:43 PST 2017","","","79","100% (6/6)","100% (6/6)","100% (6/6)","Arte_soviético","3","0","<p><span class=""sentence"">En los años cincuenta, el artista moscovita Eli Beliutin animó a sus estudiantes a experimentar con la abstracción, una práctica ampliamente desaconsejada por el sindicato de artistas, que estrictamente apoyaba la política oficial del realismo socialista.</span> <span class=""sentence"">Los artistas que escogieron pintar en estilos alternativos tenían que hacerlo en privado y nunca pudieron exponer o vender su obra.</span> <span class=""sentence"">Como resultado de ello, el arte inconformista se desarrolló por un camino separado respecto al arte oficial que se registraba en los libros de historia.</span> </p><p><span class=""sentence"">La revista LIFE publicó dos retratos de dos pintores, quien a su juicio, eran los más representativos de las artes rusas de la época: fue Serov, un icono soviético oficial, y Anatoly Zverev, un expresionista de vanguardia rusa &#x27;&#x27;underground&#x27;&#x27;.</span> <span class=""sentence"">El retrato de Lenin hecho por Serov y el autorretrato de Zverev se relacionaban por muchos con una eterna lucha bíblica de Satán y el Salvador.</span> <span class=""sentence"">Cuando Khrushchev conoció la publicación se enojó y prohibió todos los contactos con visitantes occidentales, cerrando todas las exposiciones semi legales.</span> <span class=""sentence"">Y por supuesto, Zverev fue el principal objetivo de su ira.</span> </p>","4400444","-2","0"
"3HRWUH63QUVVETZYTM36XLVDFSVN5S","3UWUAQCPMHIWDGAQYOZ92QURUGBC5W","Anotar texto para parcialidad en español","Una encuesta que busca detectar y comprender la tendencia de sesgo en una oración o frase en español dentro de los medios de comunicación que se refieren a la Guerra Fría","bias parcialidad tag espanol spanish","$0.35","Sun Jan 22 11:05:01 PST 2017","5","BatchId:2661458;OriginalHitTemplateId:920937336;","3600","259200","Sun Feb 19 11:05:01 PST 2017","","","3TXWC2NHN0JDIDQ8UA2BXF53FIIS9G","A7U1E6I5W4H8S","Approved","Mon Jan 23 08:39:14 PST 2017","Mon Jan 23 08:41:46 PST 2017","Thu Jan 26 08:41:46 PST 2017","Mon Jan 23 18:58:30 PST 2017","","","152","100% (9/9)","100% (9/9)","100% (9/9)","Arte_soviético","3","0","<p><span class=""sentence"">En los años cincuenta, el artista moscovita Eli Beliutin animó a sus estudiantes a experimentar con la abstracción, una práctica ampliamente desaconsejada por el sindicato de artistas, que estrictamente apoyaba la política oficial del realismo socialista.</span> <span class=""sentence"">Los artistas que escogieron pintar en estilos alternativos tenían que hacerlo en privado y nunca pudieron exponer o vender su obra.</span> <span class=""sentence"">Como resultado de ello, el arte inconformista se desarrolló por un camino separado respecto al arte oficial que se registraba en los libros de historia.</span> </p><p><span class=""sentence"">La revista LIFE publicó dos retratos de dos pintores, quien a su juicio, eran los más representativos de las artes rusas de la época: fue Serov, un icono soviético oficial, y Anatoly Zverev, un expresionista de vanguardia rusa &#x27;&#x27;underground&#x27;&#x27;.</span> <span class=""sentence"">El retrato de Lenin hecho por Serov y el autorretrato de Zverev se relacionaban por muchos con una eterna lucha bíblica de Satán y el Salvador.</span> <span class=""sentence"">Cuando Khrushchev conoció la publicación se enojó y prohibió todos los contactos con visitantes occidentales, cerrando todas las exposiciones semi legales.</span> <span class=""sentence"">Y por supuesto, Zverev fue el principal objetivo de su ira.</span> </p>","4400044","-2","0"
"3HRWUH63QUVVETZYTM36XLVDFSVN5S","3UWUAQCPMHIWDGAQYOZ92QURUGBC5W","Anotar texto para parcialidad en español","Una encuesta que busca detectar y comprender la tendencia de sesgo en una oración o frase en español dentro de los medios de comunicación que se refieren a la Guerra Fría","bias parcialidad tag espanol spanish","$0.35","Sun Jan 22 11:05:01 PST 2017","5","BatchId:2661458;OriginalHitTemplateId:920937336;","3600","259200","Sun Feb 19 11:05:01 PST 2017","","","3XC1O3LBOTF9YF4W87ARCTSKHXYLTK","AEN7H01OU26XL","Approved","Mon Jan 23 14:03:33 PST 2017","Mon Jan 23 14:24:16 PST 2017","Thu Jan 26 14:24:16 PST 2017","Mon Jan 23 18:58:30 PST 2017","","","1243","100% (9/9)","100% (9/9)","100% (9/9)","Arte_soviético","3","0","<p><span class=""sentence"">En los años cincuenta, el artista moscovita Eli Beliutin animó a sus estudiantes a experimentar con la abstracción, una práctica ampliamente desaconsejada por el sindicato de artistas, que estrictamente apoyaba la política oficial del realismo socialista.</span> <span class=""sentence"">Los artistas que escogieron pintar en estilos alternativos tenían que hacerlo en privado y nunca pudieron exponer o vender su obra.</span> <span class=""sentence"">Como resultado de ello, el arte inconformista se desarrolló por un camino separado respecto al arte oficial que se registraba en los libros de historia.</span> </p><p><span class=""sentence"">La revista LIFE publicó dos retratos de dos pintores, quien a su juicio, eran los más representativos de las artes rusas de la época: fue Serov, un icono soviético oficial, y Anatoly Zverev, un expresionista de vanguardia rusa &#x27;&#x27;underground&#x27;&#x27;.</span> <span class=""sentence"">El retrato de Lenin hecho por Serov y el autorretrato de Zverev se relacionaban por muchos con una eterna lucha bíblica de Satán y el Salvador.</span> <span class=""sentence"">Cuando Khrushchev conoció la publicación se enojó y prohibió todos los contactos con visitantes occidentales, cerrando todas las exposiciones semi legales.</span> <span class=""sentence"">Y por supuesto, Zverev fue el principal objetivo de su ira.</span> </p>","4444444","1","0"
"39AYGO6AFFDRXXZCY5DBPR9DBN6N68","3UWUAQCPMHIWDGAQYOZ92QURUGBC5W","Anotar texto para parcialidad en español","Una encuesta que busca detectar y comprender la tendencia de sesgo en una oración o frase en español dentro de los medios de comunicación que se refieren a la Guerra Fría","bias parcialidad tag espanol spanish","$0.35","Sun Jan 22 11:05:01 PST 2017","5","BatchId:2661458;OriginalHitTemplateId:920937336;","3600","259200","Sun Feb 19 11:05:01 PST 2017","","","304SM51WA4XW6655SUG7OL0T3NSSB7","A28HCCZ4I9R8LL","Submitted","Tue Jan 24 07:15:12 PST 2017","Tue Jan 24 07:16:14 PST 2017","Fri Jan 27 07:16:14 PST 2017","","","","62","100% (1/1)","100% (1/1)","100% (1/1)","Discurso_secreto","2","0","<p><span class=""sentence"">El 5 de marzo de 1956, el Presidium del Sóviet Supremo de la Unión Soviética ordenó a todas las organizaciones del Partido, al igual que a los miembros del Komsomol, que el informe de Jhrushchov fuera leído en todas las reuniones, tanto en presencia de los militantes como de los no miembros.</span> <span class=""sentence"">Así el contenido del discurso fue ya conocido por casi toda la población soviética en el mismo año en que fue pronunciado.</span> <span class=""sentence"">Por lo anterior, el término &#x27;&#x27;discurso secreto&#x27;&#x27; debe ser considerado errado, ya que nunca lo fue para la población rusa.</span> <span class=""sentence"">Aun así, el texto completo del discurso no se publicó hasta 1989.</span> </p><p><span class=""sentence"">Poco después de haberse leído el discurso, se remitieron copias a los principales dirigentes de los partidos Comunistas de Europa Oriental.</span> <span class=""sentence"">A los dirigentes o militantes de otros partidos no se les informó de su existencia hasta que fue publicado por la prensa estadounidense.</span> </p><p><span class=""sentence"">La forma en que llegó a ser conocido su texto fuera de la órbita soviética fue curiosa.</span> </p>","0000000","0","0"
"39AYGO6AFFDRXXZCY5DBPR9DBN6N68","3UWUAQCPMHIWDGAQYOZ92QURUGBC5W","Anotar texto para parcialidad en español","Una encuesta que busca detectar y comprender la tendencia de sesgo en una oración o frase en español dentro de los medios de comunicación que se refieren a la Guerra Fría","bias parcialidad tag espanol spanish","$0.35","Sun Jan 22 11:05:01 PST 2017","5","BatchId:2661458;OriginalHitTemplateId:920937336;","3600","259200","Sun Feb 19 11:05:01 PST 2017","","","3GNA64GUZFXI4A9JZG0PQZL0BY95Q8","A7U1E6I5W4H8S","Approved","Mon Jan 23 08:22:21 PST 2017","Mon Jan 23 08:25:11 PST 2017","Thu Jan 26 08:25:11 PST 2017","Mon Jan 23 18:58:29 PST 2017","","","170","100% (9/9)","100% (9/9)","100% (9/9)","Discurso_secreto","2","0","<p><span class=""sentence"">El 5 de marzo de 1956, el Presidium del Sóviet Supremo de la Unión Soviética ordenó a todas las organizaciones del Partido, al igual que a los miembros del Komsomol, que el informe de Jhrushchov fuera leído en todas las reuniones, tanto en presencia de los militantes como de los no miembros.</span> <span class=""sentence"">Así el contenido del discurso fue ya conocido por casi toda la población soviética en el mismo año en que fue pronunciado.</span> <span class=""sentence"">Por lo anterior, el término &#x27;&#x27;discurso secreto&#x27;&#x27; debe ser considerado errado, ya que nunca lo fue para la población rusa.</span> <span class=""sentence"">Aun así, el texto completo del discurso no se publicó hasta 1989.</span> </p><p><span class=""sentence"">Poco después de haberse leído el discurso, se remitieron copias a los principales dirigentes de los partidos Comunistas de Europa Oriental.</span> <span class=""sentence"">A los dirigentes o militantes de otros partidos no se les informó de su existencia hasta que fue publicado por la prensa estadounidense.</span> </p><p><span class=""sentence"">La forma en que llegó a ser conocido su texto fuera de la órbita soviética fue curiosa.</span> </p>","4004010","-1","1"
"39AYGO6AFFDRXXZCY5DBPR9DBN6N68","3UWUAQCPMHIWDGAQYOZ92QURUGBC5W","Anotar texto para parcialidad en español","Una encuesta que busca detectar y comprender la tendencia de sesgo en una oración o frase en español dentro de los medios de comunicación que se refieren a la Guerra Fría","bias parcialidad tag espanol spanish","$0.35","Sun Jan 22 11:05:01 PST 2017","5","BatchId:2661458;OriginalHitTemplateId:920937336;","3600","259200","Sun Feb 19 11:05:01 PST 2017","","","3K4J6M3CXFMOXRRMRGMU4WXKWO2GAS","A3O43L1ZB2PRQ2","Approved","Mon Jan 23 03:16:21 PST 2017","Mon Jan 23 03:17:13 PST 2017","Thu Jan 26 03:17:13 PST 2017","Mon Jan 23 18:58:30 PST 2017","","","52","100% (6/6)","100% (6/6)","100% (6/6)","Discurso_secreto","2","0","<p><span class=""sentence"">El 5 de marzo de 1956, el Presidium del Sóviet Supremo de la Unión Soviética ordenó a todas las organizaciones del Partido, al igual que a los miembros del Komsomol, que el informe de Jhrushchov fuera leído en todas las reuniones, tanto en presencia de los militantes como de los no miembros.</span> <span class=""sentence"">Así el contenido del discurso fue ya conocido por casi toda la población soviética en el mismo año en que fue pronunciado.</span> <span class=""sentence"">Por lo anterior, el término &#x27;&#x27;discurso secreto&#x27;&#x27; debe ser considerado errado, ya que nunca lo fue para la población rusa.</span> <span class=""sentence"">Aun así, el texto completo del discurso no se publicó hasta 1989.</span> </p><p><span class=""sentence"">Poco después de haberse leído el discurso, se remitieron copias a los principales dirigentes de los partidos Comunistas de Europa Oriental.</span> <span class=""sentence"">A los dirigentes o militantes de otros partidos no se les informó de su existencia hasta que fue publicado por la prensa estadounidense.</span> </p><p><span class=""sentence"">La forma en que llegó a ser conocido su texto fuera de la órbita soviética fue curiosa.</span> </p>","0030000","1","0"
"39AYGO6AFFDRXXZCY5DBPR9DBN6N68","3UWUAQCPMHIWDGAQYOZ92QURUGBC5W","Anotar texto para parcialidad en español","Una encuesta que busca detectar y comprender la tendencia de sesgo en una oración o frase en español dentro de los medios de comunicación que se refieren a la Guerra Fría","bias parcialidad tag espanol spanish","$0.35","Sun Jan 22 11:05:01 PST 2017","5","BatchId:2661458;OriginalHitTemplateId:920937336;","3600","259200","Sun Feb 19 11:05:01 PST 2017","","","3OF2M9AATHHU0LVDTZN8JHGMDSNZKH","A11XQ4EVIPZF0F","Approved","Mon Jan 23 12:03:10 PST 2017","Mon Jan 23 12:04:57 PST 2017","Thu Jan 26 12:04:57 PST 2017","Mon Jan 23 18:58:30 PST 2017","","","107","100% (9/9)","100% (9/9)","100% (9/9)","Discurso_secreto","2","0","<p><span class=""sentence"">El 5 de marzo de 1956, el Presidium del Sóviet Supremo de la Unión Soviética ordenó a todas las organizaciones del Partido, al igual que a los miembros del Komsomol, que el informe de Jhrushchov fuera leído en todas las reuniones, tanto en presencia de los militantes como de los no miembros.</span> <span class=""sentence"">Así el contenido del discurso fue ya conocido por casi toda la población soviética en el mismo año en que fue pronunciado.</span> <span class=""sentence"">Por lo anterior, el término &#x27;&#x27;discurso secreto&#x27;&#x27; debe ser considerado errado, ya que nunca lo fue para la población rusa.</span> <span class=""sentence"">Aun así, el texto completo del discurso no se publicó hasta 1989.</span> </p><p><span class=""sentence"">Poco después de haberse leído el discurso, se remitieron copias a los principales dirigentes de los partidos Comunistas de Europa Oriental.</span> <span class=""sentence"">A los dirigentes o militantes de otros partidos no se les informó de su existencia hasta que fue publicado por la prensa estadounidense.</span> </p><p><span class=""sentence"">La forma en que llegó a ser conocido su texto fuera de la órbita soviética fue curiosa.</span> </p>","0000004","-1","0"
"39AYGO6AFFDRXXZCY5DBPR9DBN6N68","3UWUAQCPMHIWDGAQYOZ92QURUGBC5W","Anotar texto para parcialidad en español","Una encuesta que busca detectar y comprender la tendencia de sesgo en una oración o frase en español dentro de los medios de comunicación que se refieren a la Guerra Fría","bias parcialidad tag espanol spanish","$0.35","Sun Jan 22 11:05:01 PST 2017","5","BatchId:2661458;OriginalHitTemplateId:920937336;","3600","259200","Sun Feb 19 11:05:01 PST 2017","","","3OF2M9AATHHU0LVDTZN8JHGMDTIZKE","AEN7H01OU26XL","Approved","Mon Jan 23 14:29:35 PST 2017","Mon Jan 23 14:34:00 PST 2017","Thu Jan 26 14:34:00 PST 2017","Mon Jan 23 18:58:30 PST 2017","","","265","100% (9/9)","100% (9/9)","100% (9/9)","Discurso_secreto","2","0","<p><span class=""sentence"">El 5 de marzo de 1956, el Presidium del Sóviet Supremo de la Unión Soviética ordenó a todas las organizaciones del Partido, al igual que a los miembros del Komsomol, que el informe de Jhrushchov fuera leído en todas las reuniones, tanto en presencia de los militantes como de los no miembros.</span> <span class=""sentence"">Así el contenido del discurso fue ya conocido por casi toda la población soviética en el mismo año en que fue pronunciado.</span> <span class=""sentence"">Por lo anterior, el término &#x27;&#x27;discurso secreto&#x27;&#x27; debe ser considerado errado, ya que nunca lo fue para la población rusa.</span> <span class=""sentence"">Aun así, el texto completo del discurso no se publicó hasta 1989.</span> </p><p><span class=""sentence"">Poco después de haberse leído el discurso, se remitieron copias a los principales dirigentes de los partidos Comunistas de Europa Oriental.</span> <span class=""sentence"">A los dirigentes o militantes de otros partidos no se les informó de su existencia hasta que fue publicado por la prensa estadounidense.</span> </p><p><span class=""sentence"">La forma en que llegó a ser conocido su texto fuera de la órbita soviética fue curiosa.</span> </p>","0004014","2","-1"
"3SCKNODZ0X9A1XDHHFI3V5996YQN77","3UWUAQCPMHIWDGAQYOZ92QURUGBC5W","Anotar texto para parcialidad en español","Una encuesta que busca detectar y comprender la tendencia de sesgo en una oración o frase en español dentro de los medios de comunicación que se refieren a la Guerra Fría","bias parcialidad tag espanol spanish","$0.35","Sun Jan 22 11:05:01 PST 2017","5","BatchId:2661458;OriginalHitTemplateId:920937336;","3600","259200","Sun Feb 19 11:05:01 PST 2017","","","36WLNQG7803VWN0NRZW2Z4WE2WJEBS","A28HCCZ4I9R8LL","Submitted","Tue Jan 24 07:10:30 PST 2017","Tue Jan 24 07:12:06 PST 2017","Fri Jan 27 07:12:06 PST 2017","","","","96","100% (1/1)","100% (1/1)","100% (1/1)","Discurso_secreto","0","0","<p><span class=""sentence"">Archivo:Nikita Khrusjtsjov.jpg|thumb|right|235px|El Secretario General del PCUS Nikita Jrushchov realizó el discurso durante el XX Congreso partidario.</span> </p><p><span class=""sentence"">El llamado «&#x27;&#x27;&#x27;Discurso secreto&#x27;&#x27;&#x27;», es una famosa intervención del político soviético Nikita Jrushchov durante el XX Congreso del Partido Comunista de la Unión Soviética, el 25 de febrero de 1956.</span> <span class=""sentence"">En éste se denuncian los crímenes de Stalin y la represión durante la llamada Gran Purga en los años anteriores a la Segunda Guerra Mundial.</span> </p><p><span class=""sentence"">Este discurso significó la ruptura de la línea oficial del Partido con los postulados reflejados en el llamado estalinismo, de manera que se intenta regresar al PCUS a su leninismo oficial e inicial, repudiando el culto a la personalidad.</span> </p><p><span class=""sentence"">Su nombre lo adquiere de la sesión en la cual fue pronunciado, ya que era una sesión reservada en la cual no participaron los invitados extranjeros del Congreso.</span> <span class=""sentence"">Además su texto original sólo fue publicado en su totalidad en la gaceta oficial del Comité Central del Partido el 3 de marzo de 1989, como producto de la apertura realizada por Gorbachov en el proceso conocido como &#x27;&#x27;glásnost&#x27;&#x27;.</span> </p>","000000","0","0"
"3SCKNODZ0X9A1XDHHFI3V5996YQN77","3UWUAQCPMHIWDGAQYOZ92QURUGBC5W","Anotar texto para parcialidad en español","Una encuesta que busca detectar y comprender la tendencia de sesgo en una oración o frase en español dentro de los medios de comunicación que se refieren a la Guerra Fría","bias parcialidad tag espanol spanish","$0.35","Sun Jan 22 11:05:01 PST 2017","5","BatchId:2661458;OriginalHitTemplateId:920937336;","3600","259200","Sun Feb 19 11:05:01 PST 2017","","","3A4NIXBJ77S5LKECZA9FQFXSNOBMLR","A11XQ4EVIPZF0F","Approved","Mon Jan 23 12:09:35 PST 2017","Mon Jan 23 12:10:49 PST 2017","Thu Jan 26 12:10:49 PST 2017","Mon Jan 23 18:58:31 PST 2017","","","74","100% (9/9)","100% (9/9)","100% (9/9)","Discurso_secreto","0","0","<p><span class=""sentence"">Archivo:Nikita Khrusjtsjov.jpg|thumb|right|235px|El Secretario General del PCUS Nikita Jrushchov realizó el discurso durante el XX Congreso partidario.</span> </p><p><span class=""sentence"">El llamado «&#x27;&#x27;&#x27;Discurso secreto&#x27;&#x27;&#x27;», es una famosa intervención del político soviético Nikita Jrushchov durante el XX Congreso del Partido Comunista de la Unión Soviética, el 25 de febrero de 1956.</span> <span class=""sentence"">En éste se denuncian los crímenes de Stalin y la represión durante la llamada Gran Purga en los años anteriores a la Segunda Guerra Mundial.</span> </p><p><span class=""sentence"">Este discurso significó la ruptura de la línea oficial del Partido con los postulados reflejados en el llamado estalinismo, de manera que se intenta regresar al PCUS a su leninismo oficial e inicial, repudiando el culto a la personalidad.</span> </p><p><span class=""sentence"">Su nombre lo adquiere de la sesión en la cual fue pronunciado, ya que era una sesión reservada en la cual no participaron los invitados extranjeros del Congreso.</span> <span class=""sentence"">Además su texto original sólo fue publicado en su totalidad en la gaceta oficial del Comité Central del Partido el 3 de marzo de 1989, como producto de la apertura realizada por Gorbachov en el proceso conocido como &#x27;&#x27;glásnost&#x27;&#x27;.</span> </p>","000000","0","0"
"3SCKNODZ0X9A1XDHHFI3V5996YQN77","3UWUAQCPMHIWDGAQYOZ92QURUGBC5W","Anotar texto para parcialidad en español","Una encuesta que busca detectar y comprender la tendencia de sesgo en una oración o frase en español dentro de los medios de comunicación que se refieren a la Guerra Fría","bias parcialidad tag espanol spanish","$0.35","Sun Jan 22 11:05:01 PST 2017","5","BatchId:2661458;OriginalHitTemplateId:920937336;","3600","259200","Sun Feb 19 11:05:01 PST 2017","","","3HL8HNGX46U4E8LMOQ2CQGMOQUDF9D","AEN7H01OU26XL","Approved","Mon Jan 23 14:34:00 PST 2017","Mon Jan 23 14:43:12 PST 2017","Thu Jan 26 14:43:12 PST 2017","Mon Jan 23 18:58:31 PST 2017","","","552","100% (9/9)","100% (9/9)","100% (9/9)","Discurso_secreto","0","0","<p><span class=""sentence"">Archivo:Nikita Khrusjtsjov.jpg|thumb|right|235px|El Secretario General del PCUS Nikita Jrushchov realizó el discurso durante el XX Congreso partidario.</span> </p><p><span class=""sentence"">El llamado «&#x27;&#x27;&#x27;Discurso secreto&#x27;&#x27;&#x27;», es una famosa intervención del político soviético Nikita Jrushchov durante el XX Congreso del Partido Comunista de la Unión Soviética, el 25 de febrero de 1956.</span> <span class=""sentence"">En éste se denuncian los crímenes de Stalin y la represión durante la llamada Gran Purga en los años anteriores a la Segunda Guerra Mundial.</span> </p><p><span class=""sentence"">Este discurso significó la ruptura de la línea oficial del Partido con los postulados reflejados en el llamado estalinismo, de manera que se intenta regresar al PCUS a su leninismo oficial e inicial, repudiando el culto a la personalidad.</span> </p><p><span class=""sentence"">Su nombre lo adquiere de la sesión en la cual fue pronunciado, ya que era una sesión reservada en la cual no participaron los invitados extranjeros del Congreso.</span> <span class=""sentence"">Además su texto original sólo fue publicado en su totalidad en la gaceta oficial del Comité Central del Partido el 3 de marzo de 1989, como producto de la apertura realizada por Gorbachov en el proceso conocido como &#x27;&#x27;glásnost&#x27;&#x27;.</span> </p>","004444","-2","0"
"3SCKNODZ0X9A1XDHHFI3V5996YQN77","3UWUAQCPMHIWDGAQYOZ92QURUGBC5W","Anotar texto para parcialidad en español","Una encuesta que busca detectar y comprender la tendencia de sesgo en una oración o frase en español dentro de los medios de comunicación que se refieren a la Guerra Fría","bias parcialidad tag espanol spanish","$0.35","Sun Jan 22 11:05:01 PST 2017","5","BatchId:2661458;OriginalHitTemplateId:920937336;","3600","259200","Sun Feb 19 11:05:01 PST 2017","","","3Q5C1WP23NUUN6P2E1AAPYDS2LI51B","A3O43L1ZB2PRQ2","Approved","Mon Jan 23 03:06:48 PST 2017","Mon Jan 23 03:07:42 PST 2017","Thu Jan 26 03:07:42 PST 2017","Mon Jan 23 18:58:31 PST 2017","","","54","100% (6/6)","100% (6/6)","100% (6/6)","Discurso_secreto","0","0","<p><span class=""sentence"">Archivo:Nikita Khrusjtsjov.jpg|thumb|right|235px|El Secretario General del PCUS Nikita Jrushchov realizó el discurso durante el XX Congreso partidario.</span> </p><p><span class=""sentence"">El llamado «&#x27;&#x27;&#x27;Discurso secreto&#x27;&#x27;&#x27;», es una famosa intervención del político soviético Nikita Jrushchov durante el XX Congreso del Partido Comunista de la Unión Soviética, el 25 de febrero de 1956.</span> <span class=""sentence"">En éste se denuncian los crímenes de Stalin y la represión durante la llamada Gran Purga en los años anteriores a la Segunda Guerra Mundial.</span> </p><p><span class=""sentence"">Este discurso significó la ruptura de la línea oficial del Partido con los postulados reflejados en el llamado estalinismo, de manera que se intenta regresar al PCUS a su leninismo oficial e inicial, repudiando el culto a la personalidad.</span> </p><p><span class=""sentence"">Su nombre lo adquiere de la sesión en la cual fue pronunciado, ya que era una sesión reservada en la cual no participaron los invitados extranjeros del Congreso.</span> <span class=""sentence"">Además su texto original sólo fue publicado en su totalidad en la gaceta oficial del Comité Central del Partido el 3 de marzo de 1989, como producto de la apertura realizada por Gorbachov en el proceso conocido como &#x27;&#x27;glásnost&#x27;&#x27;.</span> </p>","000000","0","0"
"3SCKNODZ0X9A1XDHHFI3V5996YQN77","3UWUAQCPMHIWDGAQYOZ92QURUGBC5W","Anotar texto para parcialidad en español","Una encuesta que busca detectar y comprender la tendencia de sesgo en una oración o frase en español dentro de los medios de comunicación que se refieren a la Guerra Fría","bias parcialidad tag espanol spanish","$0.35","Sun Jan 22 11:05:01 PST 2017","5","BatchId:2661458;OriginalHitTemplateId:920937336;","3600","259200","Sun Feb 19 11:05:01 PST 2017","","","3WQQ9FUS6BNENMQWEWA27U0SRO98B1","A7U1E6I5W4H8S","Approved","Mon Jan 23 08:22:25 PST 2017","Mon Jan 23 08:26:27 PST 2017","Thu Jan 26 08:26:27 PST 2017","Mon Jan 23 18:58:32 PST 2017","","","242","100% (9/9)","100% (9/9)","100% (9/9)","Discurso_secreto","0","0","<p><span class=""sentence"">Archivo:Nikita Khrusjtsjov.jpg|thumb|right|235px|El Secretario General del PCUS Nikita Jrushchov realizó el discurso durante el XX Congreso partidario.</span> </p><p><span class=""sentence"">El llamado «&#x27;&#x27;&#x27;Discurso secreto&#x27;&#x27;&#x27;», es una famosa intervención del político soviético Nikita Jrushchov durante el XX Congreso del Partido Comunista de la Unión Soviética, el 25 de febrero de 1956.</span> <span class=""sentence"">En éste se denuncian los crímenes de Stalin y la represión durante la llamada Gran Purga en los años anteriores a la Segunda Guerra Mundial.</span> </p><p><span class=""sentence"">Este discurso significó la ruptura de la línea oficial del Partido con los postulados reflejados en el llamado estalinismo, de manera que se intenta regresar al PCUS a su leninismo oficial e inicial, repudiando el culto a la personalidad.</span> </p><p><span class=""sentence"">Su nombre lo adquiere de la sesión en la cual fue pronunciado, ya que era una sesión reservada en la cual no participaron los invitados extranjeros del Congreso.</span> <span class=""sentence"">Además su texto original sólo fue publicado en su totalidad en la gaceta oficial del Comité Central del Partido el 3 de marzo de 1989, como producto de la apertura realizada por Gorbachov en el proceso conocido como &#x27;&#x27;glásnost&#x27;&#x27;.</span> </p>","003343","2","0"
"36BTXXLZ2V1YX8NQ8O1D1DU9GTQ4RT","3UWUAQCPMHIWDGAQYOZ92QURUGBC5W","Anotar texto para parcialidad en español","Una encuesta que busca detectar y comprender la tendencia de sesgo en una oración o frase en español dentro de los medios de comunicación que se refieren a la Guerra Fría","bias parcialidad tag espanol spanish","$0.35","Sun Jan 22 11:05:01 PST 2017","5","BatchId:2661458;OriginalHitTemplateId:920937336;","3600","259200","Sun Feb 19 11:05:01 PST 2017","","","36H9ULYP63NTKKYVA2TPFA0RMYUJFF","A11XQ4EVIPZF0F","Approved","Mon Jan 23 12:08:45 PST 2017","Mon Jan 23 12:09:34 PST 2017","Thu Jan 26 12:09:34 PST 2017","Mon Jan 23 18:58:29 PST 2017","","","49","100% (9/9)","100% (9/9)","100% (9/9)","Discurso_secreto","2","1","<p><span class=""sentence"">El documento fue recibido por los líderes de los países comunistas europeos.</span> <span class=""sentence"">En el caso de Polonia, fue recibido también por el primer secretario del Partido Comunista, Edward Ochab.</span> <span class=""sentence"">Una de sus secretarias, Lucía Baranowski, se lo prestó a su novio judío Viktor Grayevsky, periodista y a quien le habían llegado rumores de su existencia.</span> <span class=""sentence"">Al tener el discurso en sus manos, lo llevó a la embajada de Israel en Varsovia donde se lo prestó, sin saberlo, a un agente de la inteligencia hebrea de nombre Yaakov Barmor, quien lo fotografió y remitió a Jerusalén, adónde llegó el 3 de abril de 1956.</span> <span class=""sentence"">Los servicios secretos israelíes tenían un pacto secreto de colaboración con la inteligencia estadounidense y ante tamaño documento, le remitieron una copia a Allen Dulles, director de la CIA, quien —una vez comprobada su autenticidad— informó al presidente de los Estados Unidos Eisenhower del texto titulado &#x27;&#x27;XX Congreso del Partido, el discurso del camarada Jrushchov&#x27;&#x27;, quien autorizó que la información fuera transferida al &#x27;&#x27;New York Times&#x27;&#x27; para su publicación.</span> </p>","00000","0","0"
"36BTXXLZ2V1YX8NQ8O1D1DU9GTQ4RT","3UWUAQCPMHIWDGAQYOZ92QURUGBC5W","Anotar texto para parcialidad en español","Una encuesta que busca detectar y comprender la tendencia de sesgo en una oración o frase en español dentro de los medios de comunicación que se refieren a la Guerra Fría","bias parcialidad tag espanol spanish","$0.35","Sun Jan 22 11:05:01 PST 2017","5","BatchId:2661458;OriginalHitTemplateId:920937336;","3600","259200","Sun Feb 19 11:05:01 PST 2017","","","37XITHEISX23FWXYR5CX9V1FZ3TCRO","AEN7H01OU26XL","Approved","Mon Jan 23 14:50:41 PST 2017","Mon Jan 23 14:51:15 PST 2017","Thu Jan 26 14:51:15 PST 2017","Mon Jan 23 18:58:29 PST 2017","","","34","100% (9/9)","100% (9/9)","100% (9/9)","Discurso_secreto","2","1","<p><span class=""sentence"">El documento fue recibido por los líderes de los países comunistas europeos.</span> <span class=""sentence"">En el caso de Polonia, fue recibido también por el primer secretario del Partido Comunista, Edward Ochab.</span> <span class=""sentence"">Una de sus secretarias, Lucía Baranowski, se lo prestó a su novio judío Viktor Grayevsky, periodista y a quien le habían llegado rumores de su existencia.</span> <span class=""sentence"">Al tener el discurso en sus manos, lo llevó a la embajada de Israel en Varsovia donde se lo prestó, sin saberlo, a un agente de la inteligencia hebrea de nombre Yaakov Barmor, quien lo fotografió y remitió a Jerusalén, adónde llegó el 3 de abril de 1956.</span> <span class=""sentence"">Los servicios secretos israelíes tenían un pacto secreto de colaboración con la inteligencia estadounidense y ante tamaño documento, le remitieron una copia a Allen Dulles, director de la CIA, quien —una vez comprobada su autenticidad— informó al presidente de los Estados Unidos Eisenhower del texto titulado &#x27;&#x27;XX Congreso del Partido, el discurso del camarada Jrushchov&#x27;&#x27;, quien autorizó que la información fuera transferida al &#x27;&#x27;New York Times&#x27;&#x27; para su publicación.</span> </p>","33311","3","3"
"36BTXXLZ2V1YX8NQ8O1D1DU9GTQ4RT","3UWUAQCPMHIWDGAQYOZ92QURUGBC5W","Anotar texto para parcialidad en español","Una encuesta que busca detectar y comprender la tendencia de sesgo en una oración o frase en español dentro de los medios de comunicación que se refieren a la Guerra Fría","bias parcialidad tag espanol spanish","$0.35","Sun Jan 22 11:05:01 PST 2017","5","BatchId:2661458;OriginalHitTemplateId:920937336;","3600","259200","Sun Feb 19 11:05:01 PST 2017","","","3I3WADAZ9RXFJYW3K38L1UQ0W245ON","A28HCCZ4I9R8LL","Submitted","Tue Jan 24 07:18:27 PST 2017","Tue Jan 24 07:53:49 PST 2017","Fri Jan 27 07:53:49 PST 2017","","","","2122","100% (1/1)","100% (1/1)","100% (1/1)","Discurso_secreto","2","1","<p><span class=""sentence"">El documento fue recibido por los líderes de los países comunistas europeos.</span> <span class=""sentence"">En el caso de Polonia, fue recibido también por el primer secretario del Partido Comunista, Edward Ochab.</span> <span class=""sentence"">Una de sus secretarias, Lucía Baranowski, se lo prestó a su novio judío Viktor Grayevsky, periodista y a quien le habían llegado rumores de su existencia.</span> <span class=""sentence"">Al tener el discurso en sus manos, lo llevó a la embajada de Israel en Varsovia donde se lo prestó, sin saberlo, a un agente de la inteligencia hebrea de nombre Yaakov Barmor, quien lo fotografió y remitió a Jerusalén, adónde llegó el 3 de abril de 1956.</span> <span class=""sentence"">Los servicios secretos israelíes tenían un pacto secreto de colaboración con la inteligencia estadounidense y ante tamaño documento, le remitieron una copia a Allen Dulles, director de la CIA, quien —una vez comprobada su autenticidad— informó al presidente de los Estados Unidos Eisenhower del texto titulado &#x27;&#x27;XX Congreso del Partido, el discurso del camarada Jrushchov&#x27;&#x27;, quien autorizó que la información fuera transferida al &#x27;&#x27;New York Times&#x27;&#x27; para su publicación.</span> </p>","00001","0","1"
"36BTXXLZ2V1YX8NQ8O1D1DU9GTQ4RT","3UWUAQCPMHIWDGAQYOZ92QURUGBC5W","Anotar texto para parcialidad en español","Una encuesta que busca detectar y comprender la tendencia de sesgo en una oración o frase en español dentro de los medios de comunicación que se refieren a la Guerra Fría","bias parcialidad tag espanol spanish","$0.35","Sun Jan 22 11:05:01 PST 2017","5","BatchId:2661458;OriginalHitTemplateId:920937336;","3600","259200","Sun Feb 19 11:05:01 PST 2017","","","3LBXNTKX0SOLEUC7OK8YWNMVUYL9X8","A7U1E6I5W4H8S","Approved","Mon Jan 23 08:39:24 PST 2017","Mon Jan 23 08:44:37 PST 2017","Thu Jan 26 08:44:37 PST 2017","Mon Jan 23 18:58:29 PST 2017","","","313","100% (9/9)","100% (9/9)","100% (9/9)","Discurso_secreto","2","1","<p><span class=""sentence"">El documento fue recibido por los líderes de los países comunistas europeos.</span> <span class=""sentence"">En el caso de Polonia, fue recibido también por el primer secretario del Partido Comunista, Edward Ochab.</span> <span class=""sentence"">Una de sus secretarias, Lucía Baranowski, se lo prestó a su novio judío Viktor Grayevsky, periodista y a quien le habían llegado rumores de su existencia.</span> <span class=""sentence"">Al tener el discurso en sus manos, lo llevó a la embajada de Israel en Varsovia donde se lo prestó, sin saberlo, a un agente de la inteligencia hebrea de nombre Yaakov Barmor, quien lo fotografió y remitió a Jerusalén, adónde llegó el 3 de abril de 1956.</span> <span class=""sentence"">Los servicios secretos israelíes tenían un pacto secreto de colaboración con la inteligencia estadounidense y ante tamaño documento, le remitieron una copia a Allen Dulles, director de la CIA, quien —una vez comprobada su autenticidad— informó al presidente de los Estados Unidos Eisenhower del texto titulado &#x27;&#x27;XX Congreso del Partido, el discurso del camarada Jrushchov&#x27;&#x27;, quien autorizó que la información fuera transferida al &#x27;&#x27;New York Times&#x27;&#x27; para su publicación.</span> </p>","00001","0","2"
"36BTXXLZ2V1YX8NQ8O1D1DU9GTQ4RT","3UWUAQCPMHIWDGAQYOZ92QURUGBC5W","Anotar texto para parcialidad en español","Una encuesta que busca detectar y comprender la tendencia de sesgo en una oración o frase en español dentro de los medios de comunicación que se refieren a la Guerra Fría","bias parcialidad tag espanol spanish","$0.35","Sun Jan 22 11:05:01 PST 2017","5","BatchId:2661458;OriginalHitTemplateId:920937336;","3600","259200","Sun Feb 19 11:05:01 PST 2017","","","3RRCEFRB7N5D4L3U2TKPQIKNP5C4BV","AL9I95607J7V6","Approved","Mon Jan 23 20:45:45 PST 2017","Mon Jan 23 20:48:51 PST 2017","Thu Jan 26 20:48:51 PST 2017","Tue Jan 24 06:57:44 PST 2017","","","186","100% (2/2)","100% (2/2)","100% (2/2)","Discurso_secreto","2","1","<p><span class=""sentence"">El documento fue recibido por los líderes de los países comunistas europeos.</span> <span class=""sentence"">En el caso de Polonia, fue recibido también por el primer secretario del Partido Comunista, Edward Ochab.</span> <span class=""sentence"">Una de sus secretarias, Lucía Baranowski, se lo prestó a su novio judío Viktor Grayevsky, periodista y a quien le habían llegado rumores de su existencia.</span> <span class=""sentence"">Al tener el discurso en sus manos, lo llevó a la embajada de Israel en Varsovia donde se lo prestó, sin saberlo, a un agente de la inteligencia hebrea de nombre Yaakov Barmor, quien lo fotografió y remitió a Jerusalén, adónde llegó el 3 de abril de 1956.</span> <span class=""sentence"">Los servicios secretos israelíes tenían un pacto secreto de colaboración con la inteligencia estadounidense y ante tamaño documento, le remitieron una copia a Allen Dulles, director de la CIA, quien —una vez comprobada su autenticidad— informó al presidente de los Estados Unidos Eisenhower del texto titulado &#x27;&#x27;XX Congreso del Partido, el discurso del camarada Jrushchov&#x27;&#x27;, quien autorizó que la información fuera transferida al &#x27;&#x27;New York Times&#x27;&#x27; para su publicación.</span> </p>","00001","-2","3"